DokId,Kolejnosc,NrPozycji,SKU,TypPoz,IloscPlus,IloscMinus,CenaPoRab,Wartosc,Data,KolejnyWDniu,NrDok,TypDok,Aktywny,NrKolejny,AsId,Nazwa_towar,Kod,Marza,CenaDet,Nazwa_asort,Rok,Miesiac,RokMiesiac,DzienTygodnia,czy_remanent,ilosc_netto,Ruch,nazwa_dnia,dlugi_weekend,niedziela_handlowa,kategoria_dnia,Stan_przed,Stan,pareto,marza_zl
1982216,3000,3000,11398,3,192.0,0.0,2.5987,498.9504,2023-01-01,4.0,BO/23/1,14,1.0,,151.0,CUKIER BIAŁY KRÓLEWSKI 1KG SUDZUCKER,5902136817550.0,0.0,3.2315,CUKIER /zbożowe i sypkie,2023,1,2023-01,6,False,192.0,,Niedziela,False,False,Niedziela,0.0,192.0,C (ogon),0.0
1982218,2917,2917,11398,3,0.0,0.0,2.6,0.0,2023-01-01,6.0,BO/23/2,14,1.0,,151.0,CUKIER BIAŁY KRÓLEWSKI 1KG SUDZUCKER,5902136817550.0,0.0,3.2315,CUKIER /zbożowe i sypkie,2023,1,2023-01,6,False,0.0,,Niedziela,False,False,Niedziela,192.0,192.0,C (ogon),0.0
1166271,6,6,11398,4,1.0,0.0,6.4722,6.4722,2023-01-02,86.0,DF/PAR/230102/60/2,21,1.0,,151.0,CUKIER BIAŁY KRÓLEWSKI 1KG SUDZUCKER,5902136817550.0,0.0,3.2315,CUKIER /zbożowe i sypkie,2023,1,2023-01,0,False,-1.0,-0.0,Poniedziałek,False,False,Poniedziałek,192.0,191.0,C (ogon),0.0
1166296,2,2,11398,4,1.0,0.0,6.4722,6.4722,2023-01-02,111.0,DF/PAR/230102/83/2,21,1.0,,151.0,CUKIER BIAŁY KRÓLEWSKI 1KG SUDZUCKER,5902136817550.0,0.0,3.2315,CUKIER /zbożowe i sypkie,2023,1,2023-01,0,False,-1.0,-0.0,Poniedziałek,False,False,Poniedziałek,191.0,190.0,C (ogon),0.0
1166610,1,1,11398,4,1.0,0.0,6.4722,6.4722,2023-01-02,426.0,DF/PAR/230102/324/2,21,1.0,,151.0,CUKIER BIAŁY KRÓLEWSKI 1KG SUDZUCKER,5902136817550.0,0.0,3.2315,CUKIER /zbożowe i sypkie,2023,1,2023-01,0,False,-1.0,-0.0,Poniedziałek,False,False,Poniedziałek,190.0,189.0,C (ogon),0.0
1166615,2,2,11398,4,1.0,0.0,6.4722,6.4722,2023-01-02,431.0,DF/PAR/230102/72/1,21,1.0,,151.0,CUKIER BIAŁY KRÓLEWSKI 1KG SUDZUCKER,5902136817550.0,0.0,3.2315,CUKIER /zbożowe i sypkie,2023,1,2023-01,0,False,-1.0,-0.0,Poniedziałek,False,False,Poniedziałek,189.0,188.0,C (ogon),0.0
1166686,1,1,11398,4,1.0,0.0,6.4722,6.4722,2023-01-02,502.0,DF/PAR/230102/80/1,21,1.0,,151.0,CUKIER BIAŁY KRÓLEWSKI 1KG SUDZUCKER,5902136817550.0,0.0,3.2315,CUKIER /zbożowe i sypkie,2023,1,2023-01,0,False,-1.0,-0.0,Poniedziałek,False,False,Poniedziałek,188.0,187.0,C (ogon),0.0
1166770,1,1,11398,4,1.0,0.0,6.4722,6.4722,2023-01-02,582.0,DF/PAR/230102/140/1,21,1.0,,151.0,CUKIER BIAŁY KRÓLEWSKI 1KG SUDZUCKER,5902136817550.0,0.0,3.2315,CUKIER /zbożowe i sypkie,2023,1,2023-01,0,False,-1.0,-0.0,Poniedziałek,False,False,Poniedziałek,187.0,186.0,C (ogon),0.0
1166912,5,5,11398,4,1.0,0.0,6.4722,6.4722,2023-01-02,722.0,DF/PAR/230102/410/2,21,1.0,,151.0,CUKIER BIAŁY KRÓLEWSKI 1KG SUDZUCKER,5902136817550.0,0.0,3.2315,CUKIER /zbożowe i sypkie,2023,1,2023-01,0,False,-1.0,-0.0,Poniedziałek,False,False,Poniedziałek,186.0,185.0,C (ogon),0.0
1167043,1,1,11398,4,1.0,0.0,6.4722,6.4722,2023-01-02,853.0,DF/PAR/230102/477/2,21,1.0,,151.0,CUKIER BIAŁY KRÓLEWSKI 1KG SUDZUCKER,5902136817550.0,0.0,3.2315,CUKIER /zbożowe i sypkie,2023,1,2023-01,0,False,-1.0,-0.0,Poniedziałek,False,False,Poniedziałek,185.0,184.0,C (ogon),0.0
1167172,4,4,11398,4,1.0,0.0,6.4722,6.4722,2023-01-03,77.0,DF/PAR/230103/559/2,21,1.0,,151.0,CUKIER BIAŁY KRÓLEWSKI 1KG SUDZUCKER,5902136817550.0,0.0,3.2315,CUKIER /zbożowe i sypkie,2023,1,2023-01,1,False,-1.0,-0.0,Wtorek,False,False,Wtorek,184.0,183.0,C (ogon),0.0
1167319,9,9,11398,4,1.0,0.0,6.4722,6.4722,2023-01-03,224.0,DF/PAR/230103/679/2,21,1.0,,151.0,CUKIER BIAŁY KRÓLEWSKI 1KG SUDZUCKER,5902136817550.0,0.0,3.2315,CUKIER /zbożowe i sypkie,2023,1,2023-01,1,False,-1.0,-0.0,Wtorek,False,False,Wtorek,183.0,182.0,C (ogon),0.0
1167343,1,1,11398,4,1.0,0.0,6.4722,6.4722,2023-01-03,248.0,DF/PAR/230103/701/2,21,1.0,,151.0,CUKIER BIAŁY KRÓLEWSKI 1KG SUDZUCKER,5902136817550.0,0.0,3.2315,CUKIER /zbożowe i sypkie,2023,1,2023-01,1,False,-1.0,-0.0,Wtorek,False,False,Wtorek,182.0,181.0,C (ogon),0.0
1167439,2,2,11398,4,1.0,0.0,6.4722,6.4722,2023-01-03,342.0,DF/PAR/230103/767/2,21,1.0,,151.0,CUKIER BIAŁY KRÓLEWSKI 1KG SUDZUCKER,5902136817550.0,0.0,3.2315,CUKIER /zbożowe i sypkie,2023,1,2023-01,1,False,-1.0,-0.0,Wtorek,False,False,Wtorek,181.0,180.0,C (ogon),0.0
1167519,2,2,11398,4,1.0,0.0,6.4722,6.4722,2023-01-03,415.0,DF/PAR/230103/836/2,21,1.0,,151.0,CUKIER BIAŁY KRÓLEWSKI 1KG SUDZUCKER,5902136817550.0,0.0,3.2315,CUKIER /zbożowe i sypkie,2023,1,2023-01,1,False,-1.0,-0.0,Wtorek,False,False,Wtorek,180.0,179.0,C (ogon),0.0
1167624,3,3,11398,4,1.0,0.0,6.4722,6.4722,2023-01-03,520.0,DF/PAR/230103/361/1,21,1.0,,151.0,CUKIER BIAŁY KRÓLEWSKI 1KG SUDZUCKER,5902136817550.0,0.0,3.2315,CUKIER /zbożowe i sypkie,2023,1,2023-01,1,False,-1.0,-0.0,Wtorek,False,False,Wtorek,179.0,178.0,C (ogon),0.0
1167703,7,7,11398,4,1.0,0.0,6.4722,6.4722,2023-01-03,599.0,DF/PAR/230103/892/2,21,1.0,,151.0,CUKIER BIAŁY KRÓLEWSKI 1KG SUDZUCKER,5902136817550.0,0.0,3.2315,CUKIER /zbożowe i sypkie,2023,1,2023-01,1,False,-1.0,-0.0,Wtorek,False,False,Wtorek,178.0,177.0,C (ogon),0.0
1167710,3,3,11398,4,1.0,0.0,6.4722,6.4722,2023-01-03,606.0,DF/PAR/230103/896/2,21,1.0,,151.0,CUKIER BIAŁY KRÓLEWSKI 1KG SUDZUCKER,5902136817550.0,0.0,3.2315,CUKIER /zbożowe i sypkie,2023,1,2023-01,1,False,-1.0,-0.0,Wtorek,False,False,Wtorek,177.0,176.0,C (ogon),0.0
1167720,5,5,11398,4,1.0,0.0,6.4722,6.4722,2023-01-03,616.0,DF/PAR/230103/431/1,21,1.0,,151.0,CUKIER BIAŁY KRÓLEWSKI 1KG SUDZUCKER,5902136817550.0,0.0,3.2315,CUKIER /zbożowe i sypkie,2023,1,2023-01,1,False,-1.0,-0.0,Wtorek,False,False,Wtorek,176.0,175.0,C (ogon),0.0
1167726,4,4,11398,4,1.0,0.0,6.4722,6.4722,2023-01-03,622.0,DF/PAR/230103/436/1,21,1.0,,151.0,CUKIER BIAŁY KRÓLEWSKI 1KG SUDZUCKER,5902136817550.0,0.0,3.2315,CUKIER /zbożowe i sypkie,2023,1,2023-01,1,False,-1.0,-0.0,Wtorek,False,False,Wtorek,175.0,174.0,C (ogon),0.0
1167840,3,3,11398,4,1.0,0.0,6.4722,6.4722,2023-01-03,736.0,DF/PAR/230103/938/2,21,1.0,,151.0,CUKIER BIAŁY KRÓLEWSKI 1KG SUDZUCKER,5902136817550.0,0.0,3.2315,CUKIER /zbożowe i sypkie,2023,1,2023-01,1,False,-1.0,-0.0,Wtorek,False,False,Wtorek,174.0,173.0,C (ogon),0.0
1168052,1,1,11398,4,1.0,0.0,6.4722,6.4722,2023-01-04,46.0,DF/PAR/230104/1036/2,21,1.0,,151.0,CUKIER BIAŁY KRÓLEWSKI 1KG SUDZUCKER,5902136817550.0,0.0,3.2315,CUKIER /zbożowe i sypkie,2023,1,2023-01,2,False,-1.0,-0.0,Środa,False,False,Środa,173.0,172.0,C (ogon),0.0
1168114,4,4,11398,4,1.0,0.0,6.4722,6.4722,2023-01-04,108.0,DF/PAR/230104/1087/2,21,1.0,,151.0,CUKIER BIAŁY KRÓLEWSKI 1KG SUDZUCKER,5902136817550.0,0.0,3.2315,CUKIER /zbożowe i sypkie,2023,1,2023-01,2,False,-1.0,-0.0,Środa,False,False,Środa,172.0,171.0,C (ogon),0.0
1168123,5,5,11398,4,1.0,0.0,6.4722,6.4722,2023-01-04,117.0,DF/PAR/230104/1096/2,21,1.0,,151.0,CUKIER BIAŁY KRÓLEWSKI 1KG SUDZUCKER,5902136817550.0,0.0,3.2315,CUKIER /zbożowe i sypkie,2023,1,2023-01,2,False,-1.0,-0.0,Środa,False,False,Środa,171.0,170.0,C (ogon),0.0
1168239,1,1,11398,4,1.0,0.0,6.4722,6.4722,2023-01-04,233.0,DF/PAR/230104/648/1,21,1.0,,151.0,CUKIER BIAŁY KRÓLEWSKI 1KG SUDZUCKER,5902136817550.0,0.0,3.2315,CUKIER /zbożowe i sypkie,2023,1,2023-01,2,False,-1.0,-0.0,Środa,False,False,Środa,170.0,169.0,C (ogon),0.0
1168467,2,2,11398,4,1.0,0.0,6.4722,6.4722,2023-01-04,457.0,DF/PAR/230104/1204/2,21,1.0,,151.0,CUKIER BIAŁY KRÓLEWSKI 1KG SUDZUCKER,5902136817550.0,0.0,3.2315,CUKIER /zbożowe i sypkie,2023,1,2023-01,2,False,-1.0,-0.0,Środa,False,False,Środa,169.0,168.0,C (ogon),0.0
1168568,2,2,11398,4,1.0,0.0,6.4722,6.4722,2023-01-04,554.0,DF/PAR/230104/1238/2,21,1.0,,151.0,CUKIER BIAŁY KRÓLEWSKI 1KG SUDZUCKER,5902136817550.0,0.0,3.2315,CUKIER /zbożowe i sypkie,2023,1,2023-01,2,False,-1.0,-0.0,Środa,False,False,Środa,168.0,167.0,C (ogon),0.0
1168810,1,1,11398,4,1.0,0.0,6.4722,6.4722,2023-01-04,796.0,DF/PAR/230104/1397/2,21,1.0,,151.0,CUKIER BIAŁY KRÓLEWSKI 1KG SUDZUCKER,5902136817550.0,0.0,3.2315,CUKIER /zbożowe i sypkie,2023,1,2023-01,2,False,-1.0,-0.0,Środa,False,False,Środa,167.0,166.0,C (ogon),0.0
1169188,1,1,11398,4,1.0,0.0,6.4722,6.4722,2023-01-05,202.0,DF/PAR/230105/923/1,21,1.0,,151.0,CUKIER BIAŁY KRÓLEWSKI 1KG SUDZUCKER,5902136817550.0,0.0,3.2315,CUKIER /zbożowe i sypkie,2023,1,2023-01,3,False,-1.0,-0.0,Czwartek,False,False,Czwartek,166.0,165.0,C (ogon),0.0
1169232,5,5,11398,4,1.0,0.0,6.4722,6.4722,2023-01-05,244.0,DF/PAR/230105/1679/2,21,1.0,,151.0,CUKIER BIAŁY KRÓLEWSKI 1KG SUDZUCKER,5902136817550.0,0.0,3.2315,CUKIER /zbożowe i sypkie,2023,1,2023-01,3,False,-1.0,-0.0,Czwartek,False,False,Czwartek,165.0,164.0,C (ogon),0.0
1169253,3,3,11398,4,1.0,0.0,6.4722,6.4722,2023-01-05,265.0,DF/PAR/230105/1692/2,21,1.0,,151.0,CUKIER BIAŁY KRÓLEWSKI 1KG SUDZUCKER,5902136817550.0,0.0,3.2315,CUKIER /zbożowe i sypkie,2023,1,2023-01,3,False,-1.0,-0.0,Czwartek,False,False,Czwartek,164.0,163.0,C (ogon),0.0
1169391,2,2,11398,4,1.0,0.0,6.4722,6.4722,2023-01-05,402.0,DF/PAR/230105/1780/2,21,1.0,,151.0,CUKIER BIAŁY KRÓLEWSKI 1KG SUDZUCKER,5902136817550.0,0.0,3.2315,CUKIER /zbożowe i sypkie,2023,1,2023-01,3,False,-1.0,-0.0,Czwartek,False,False,Czwartek,163.0,162.0,C (ogon),0.0
1169391,3,3,11398,4,1.0,0.0,6.4722,6.4722,2023-01-05,402.0,DF/PAR/230105/1780/2,21,1.0,,151.0,CUKIER BIAŁY KRÓLEWSKI 1KG SUDZUCKER,5902136817550.0,0.0,3.2315,CUKIER /zbożowe i sypkie,2023,1,2023-01,3,False,-1.0,-0.0,Czwartek,False,False,Czwartek,162.0,161.0,C (ogon),0.0
1169698,6,6,11398,4,1.0,0.0,6.4722,6.4722,2023-01-05,709.0,DF/PAR/230105/1881/2,21,1.0,,151.0,CUKIER BIAŁY KRÓLEWSKI 1KG SUDZUCKER,5902136817550.0,0.0,3.2315,CUKIER /zbożowe i sypkie,2023,1,2023-01,3,False,-1.0,-0.0,Czwartek,False,False,Czwartek,161.0,160.0,C (ogon),0.0
1169706,1,1,11398,4,1.0,0.0,6.4722,6.4722,2023-01-05,717.0,DF/PAR/230105/1888/2,21,1.0,,151.0,CUKIER BIAŁY KRÓLEWSKI 1KG SUDZUCKER,5902136817550.0,0.0,3.2315,CUKIER /zbożowe i sypkie,2023,1,2023-01,3,False,-1.0,-0.0,Czwartek,False,False,Czwartek,160.0,159.0,C (ogon),0.0
1169706,2,2,11398,4,1.0,0.0,6.4722,6.4722,2023-01-05,717.0,DF/PAR/230105/1888/2,21,1.0,,151.0,CUKIER BIAŁY KRÓLEWSKI 1KG SUDZUCKER,5902136817550.0,0.0,3.2315,CUKIER /zbożowe i sypkie,2023,1,2023-01,3,False,-1.0,-0.0,Czwartek,False,False,Czwartek,159.0,158.0,C (ogon),0.0
1169812,2,2,11398,4,1.0,0.0,6.4722,6.4722,2023-01-05,823.0,DF/PAR/230105/1182/1,21,1.0,,151.0,CUKIER BIAŁY KRÓLEWSKI 1KG SUDZUCKER,5902136817550.0,0.0,3.2315,CUKIER /zbożowe i sypkie,2023,1,2023-01,3,False,-1.0,-0.0,Czwartek,False,False,Czwartek,158.0,157.0,C (ogon),0.0
1169821,5,5,11398,4,1.0,0.0,6.4722,6.4722,2023-01-05,832.0,DF/PAR/230105/1188/1,21,1.0,,151.0,CUKIER BIAŁY KRÓLEWSKI 1KG SUDZUCKER,5902136817550.0,0.0,3.2315,CUKIER /zbożowe i sypkie,2023,1,2023-01,3,False,-1.0,-0.0,Czwartek,False,False,Czwartek,157.0,156.0,C (ogon),0.0
1169934,2,2,11398,4,1.0,0.0,6.4722,6.4722,2023-01-05,945.0,DF/PAR/230105/2033/2,21,1.0,,151.0,CUKIER BIAŁY KRÓLEWSKI 1KG SUDZUCKER,5902136817550.0,0.0,3.2315,CUKIER /zbożowe i sypkie,2023,1,2023-01,3,False,-1.0,-0.0,Czwartek,False,False,Czwartek,156.0,155.0,C (ogon),0.0
1169952,9,9,11398,4,1.0,0.0,6.4722,6.4722,2023-01-05,963.0,DF/PAR/230105/1225/1,21,1.0,,151.0,CUKIER BIAŁY KRÓLEWSKI 1KG SUDZUCKER,5902136817550.0,0.0,3.2315,CUKIER /zbożowe i sypkie,2023,1,2023-01,3,False,-1.0,-0.0,Czwartek,False,False,Czwartek,155.0,154.0,C (ogon),0.0
1169970,2,2,11398,4,1.0,0.0,6.4722,6.4722,2023-01-05,981.0,DF/PAR/230105/1228/1,21,1.0,,151.0,CUKIER BIAŁY KRÓLEWSKI 1KG SUDZUCKER,5902136817550.0,0.0,3.2315,CUKIER /zbożowe i sypkie,2023,1,2023-01,3,False,-1.0,-0.0,Czwartek,False,False,Czwartek,154.0,153.0,C (ogon),0.0
1169999,4,4,11398,4,1.0,0.0,6.4722,6.4722,2023-01-05,1010.0,DF/PAR/230105/2077/2,21,1.0,,151.0,CUKIER BIAŁY KRÓLEWSKI 1KG SUDZUCKER,5902136817550.0,0.0,3.2315,CUKIER /zbożowe i sypkie,2023,1,2023-01,3,False,-1.0,-0.0,Czwartek,False,False,Czwartek,153.0,152.0,C (ogon),0.0
1170024,14,14,11398,4,1.0,0.0,6.4722,6.4722,2023-01-05,1035.0,DF/PAR/230105/2099/2,21,1.0,,151.0,CUKIER BIAŁY KRÓLEWSKI 1KG SUDZUCKER,5902136817550.0,0.0,3.2315,CUKIER /zbożowe i sypkie,2023,1,2023-01,3,False,-1.0,-0.0,Czwartek,False,False,Czwartek,152.0,151.0,C (ogon),0.0
1170038,8,8,11398,4,1.0,0.0,6.4722,6.4722,2023-01-05,1049.0,DF/PAR/230105/2113/2,21,1.0,,151.0,CUKIER BIAŁY KRÓLEWSKI 1KG SUDZUCKER,5902136817550.0,0.0,3.2315,CUKIER /zbożowe i sypkie,2023,1,2023-01,3,False,-1.0,-0.0,Czwartek,False,False,Czwartek,151.0,150.0,C (ogon),0.0
1170111,9,9,11398,4,1.0,0.0,6.4722,6.4722,2023-01-05,1122.0,DF/PAR/230105/2177/2,21,1.0,,151.0,CUKIER BIAŁY KRÓLEWSKI 1KG SUDZUCKER,5902136817550.0,0.0,3.2315,CUKIER /zbożowe i sypkie,2023,1,2023-01,3,False,-1.0,-0.0,Czwartek,False,False,Czwartek,150.0,149.0,C (ogon),0.0
1170242,7,7,11398,4,1.0,0.0,6.4722,6.4722,2023-01-07,74.0,DF/PAR/230107/2202/2,21,1.0,,151.0,CUKIER BIAŁY KRÓLEWSKI 1KG SUDZUCKER,5902136817550.0,0.0,3.2315,CUKIER /zbożowe i sypkie,2023,1,2023-01,5,False,-1.0,-0.0,Sobota,False,False,Sobota,149.0,148.0,C (ogon),0.0
1170295,8,8,11398,4,1.0,0.0,6.4722,6.4722,2023-01-07,127.0,DF/PAR/230107/2253/2,21,1.0,,151.0,CUKIER BIAŁY KRÓLEWSKI 1KG SUDZUCKER,5902136817550.0,0.0,3.2315,CUKIER /zbożowe i sypkie,2023,1,2023-01,5,False,-1.0,-0.0,Sobota,False,False,Sobota,148.0,147.0,C (ogon),0.0
1170319,5,5,11398,4,1.0,0.0,6.4722,6.4722,2023-01-07,151.0,DF/PAR/230107/2273/2,21,1.0,,151.0,CUKIER BIAŁY KRÓLEWSKI 1KG SUDZUCKER,5902136817550.0,0.0,3.2315,CUKIER /zbożowe i sypkie,2023,1,2023-01,5,False,-1.0,-0.0,Sobota,False,False,Sobota,147.0,146.0,C (ogon),0.0
1170332,1,1,11398,4,1.0,0.0,6.4722,6.4722,2023-01-07,164.0,DF/PAR/230107/2277/2,21,1.0,,151.0,CUKIER BIAŁY KRÓLEWSKI 1KG SUDZUCKER,5902136817550.0,0.0,3.2315,CUKIER /zbożowe i sypkie,2023,1,2023-01,5,False,-1.0,-0.0,Sobota,False,False,Sobota,146.0,145.0,C (ogon),0.0
1170413,3,3,11398,4,1.0,0.0,6.4722,6.4722,2023-01-07,245.0,DF/PAR/230107/1352/1,21,1.0,,151.0,CUKIER BIAŁY KRÓLEWSKI 1KG SUDZUCKER,5902136817550.0,0.0,3.2315,CUKIER /zbożowe i sypkie,2023,1,2023-01,5,False,-1.0,-0.0,Sobota,False,False,Sobota,145.0,144.0,C (ogon),0.0
1170433,3,3,11398,4,1.0,0.0,6.4722,6.4722,2023-01-07,265.0,DF/PAR/230107/1363/1,21,1.0,,151.0,CUKIER BIAŁY KRÓLEWSKI 1KG SUDZUCKER,5902136817550.0,0.0,3.2315,CUKIER /zbożowe i sypkie,2023,1,2023-01,5,False,-1.0,-0.0,Sobota,False,False,Sobota,144.0,143.0,C (ogon),0.0
1170466,2,2,11398,4,1.0,0.0,6.4722,6.4722,2023-01-07,298.0,DF/PAR/230107/1373/1,21,1.0,,151.0,CUKIER BIAŁY KRÓLEWSKI 1KG SUDZUCKER,5902136817550.0,0.0,3.2315,CUKIER /zbożowe i sypkie,2023,1,2023-01,5,False,-1.0,-0.0,Sobota,False,False,Sobota,143.0,142.0,C (ogon),0.0
1170528,1,1,11398,4,1.0,0.0,6.4722,6.4722,2023-01-07,360.0,DF/PAR/230107/1404/1,21,1.0,,151.0,CUKIER BIAŁY KRÓLEWSKI 1KG SUDZUCKER,5902136817550.0,0.0,3.2315,CUKIER /zbożowe i sypkie,2023,1,2023-01,5,False,-1.0,-0.0,Sobota,False,False,Sobota,142.0,141.0,C (ogon),0.0
1170528,2,2,11398,4,1.0,0.0,6.4722,6.4722,2023-01-07,360.0,DF/PAR/230107/1404/1,21,1.0,,151.0,CUKIER BIAŁY KRÓLEWSKI 1KG SUDZUCKER,5902136817550.0,0.0,3.2315,CUKIER /zbożowe i sypkie,2023,1,2023-01,5,False,-1.0,-0.0,Sobota,False,False,Sobota,141.0,140.0,C (ogon),0.0
1170578,3,3,11398,4,1.0,0.0,6.4722,6.4722,2023-01-07,410.0,DF/PAR/230107/2406/2,21,1.0,,151.0,CUKIER BIAŁY KRÓLEWSKI 1KG SUDZUCKER,5902136817550.0,0.0,3.2315,CUKIER /zbożowe i sypkie,2023,1,2023-01,5,False,-1.0,-0.0,Sobota,False,False,Sobota,140.0,139.0,C (ogon),0.0
1170714,1,1,11398,4,1.0,0.0,6.4722,6.4722,2023-01-07,546.0,DF/PAR/230107/1486/1,21,1.0,,151.0,CUKIER BIAŁY KRÓLEWSKI 1KG SUDZUCKER,5902136817550.0,0.0,3.2315,CUKIER /zbożowe i sypkie,2023,1,2023-01,5,False,-1.0,-0.0,Sobota,False,False,Sobota,139.0,138.0,C (ogon),0.0
1170899,1,1,11398,4,1.0,0.0,6.4722,6.4722,2023-01-07,727.0,DF/PAR/230107/1554/1,21,1.0,,151.0,CUKIER BIAŁY KRÓLEWSKI 1KG SUDZUCKER,5902136817550.0,0.0,3.2315,CUKIER /zbożowe i sypkie,2023,1,2023-01,5,False,-1.0,-0.0,Sobota,False,False,Sobota,138.0,137.0,C (ogon),0.0
1170953,12,12,11398,4,1.0,0.0,6.4722,6.4722,2023-01-07,781.0,DF/PAR/230107/1575/1,21,1.0,,151.0,CUKIER BIAŁY KRÓLEWSKI 1KG SUDZUCKER,5902136817550.0,0.0,3.2315,CUKIER /zbożowe i sypkie,2023,1,2023-01,5,False,-1.0,-0.0,Sobota,False,False,Sobota,137.0,136.0,C (ogon),0.0
1171116,2,2,11398,4,1.0,0.0,6.4722,6.4722,2023-01-07,944.0,DF/PAR/230107/2677/2,21,1.0,,151.0,CUKIER BIAŁY KRÓLEWSKI 1KG SUDZUCKER,5902136817550.0,0.0,3.2315,CUKIER /zbożowe i sypkie,2023,1,2023-01,5,False,-1.0,-0.0,Sobota,False,False,Sobota,136.0,135.0,C (ogon),0.0
1171158,1,1,11398,4,1.0,0.0,6.4722,6.4722,2023-01-07,986.0,DF/PAR/230107/2711/2,21,1.0,,151.0,CUKIER BIAŁY KRÓLEWSKI 1KG SUDZUCKER,5902136817550.0,0.0,3.2315,CUKIER /zbożowe i sypkie,2023,1,2023-01,5,False,-1.0,-0.0,Sobota,False,False,Sobota,135.0,134.0,C (ogon),0.0
1171213,2,2,11398,4,1.0,0.0,6.4722,6.4722,2023-01-07,1041.0,DF/PAR/230107/2756/2,21,1.0,,151.0,CUKIER BIAŁY KRÓLEWSKI 1KG SUDZUCKER,5902136817550.0,0.0,3.2315,CUKIER /zbożowe i sypkie,2023,1,2023-01,5,False,-1.0,-0.0,Sobota,False,False,Sobota,134.0,133.0,C (ogon),0.0
1171352,1,1,11398,4,1.0,0.0,6.4722,6.4722,2023-01-09,81.0,DF/PAR/230109/1702/1,21,1.0,,151.0,CUKIER BIAŁY KRÓLEWSKI 1KG SUDZUCKER,5902136817550.0,0.0,3.2315,CUKIER /zbożowe i sypkie,2023,1,2023-01,0,False,-1.0,-0.0,Poniedziałek,False,False,Poniedziałek,133.0,132.0,C (ogon),0.0
1171435,1,1,11398,4,1.0,0.0,6.4722,6.4722,2023-01-09,164.0,DF/PAR/230109/1749/1,21,1.0,,151.0,CUKIER BIAŁY KRÓLEWSKI 1KG SUDZUCKER,5902136817550.0,0.0,3.2315,CUKIER /zbożowe i sypkie,2023,1,2023-01,0,False,-1.0,-0.0,Poniedziałek,False,False,Poniedziałek,132.0,131.0,C (ogon),0.0
1171465,4,4,11398,4,1.0,0.0,6.4722,6.4722,2023-01-09,194.0,DF/PAR/230109/1764/1,21,1.0,,151.0,CUKIER BIAŁY KRÓLEWSKI 1KG SUDZUCKER,5902136817550.0,0.0,3.2315,CUKIER /zbożowe i sypkie,2023,1,2023-01,0,False,-1.0,-0.0,Poniedziałek,False,False,Poniedziałek,131.0,130.0,C (ogon),0.0
1171475,1,1,11398,4,1.0,0.0,6.4722,6.4722,2023-01-09,204.0,DF/PAR/230109/2837/2,21,1.0,,151.0,CUKIER BIAŁY KRÓLEWSKI 1KG SUDZUCKER,5902136817550.0,0.0,3.2315,CUKIER /zbożowe i sypkie,2023,1,2023-01,0,False,-1.0,-0.0,Poniedziałek,False,False,Poniedziałek,130.0,129.0,C (ogon),0.0
1171477,1,1,11398,4,1.0,0.0,6.4722,6.4722,2023-01-09,206.0,DF/PAR/230109/2839/2,21,1.0,,151.0,CUKIER BIAŁY KRÓLEWSKI 1KG SUDZUCKER,5902136817550.0,0.0,3.2315,CUKIER /zbożowe i sypkie,2023,1,2023-01,0,False,-1.0,-0.0,Poniedziałek,False,False,Poniedziałek,129.0,128.0,C (ogon),0.0
1171530,4,4,11398,4,1.0,0.0,6.4722,6.4722,2023-01-09,259.0,DF/PAR/230109/2882/2,21,1.0,,151.0,CUKIER BIAŁY KRÓLEWSKI 1KG SUDZUCKER,5902136817550.0,0.0,3.2315,CUKIER /zbożowe i sypkie,2023,1,2023-01,0,False,-1.0,-0.0,Poniedziałek,False,False,Poniedziałek,128.0,127.0,C (ogon),0.0
1171608,6,6,11398,4,1.0,0.0,6.4722,6.4722,2023-01-09,338.0,DF/PAR/230109/2958/2,21,1.0,,151.0,CUKIER BIAŁY KRÓLEWSKI 1KG SUDZUCKER,5902136817550.0,0.0,3.2315,CUKIER /zbożowe i sypkie,2023,1,2023-01,0,False,-1.0,-0.0,Poniedziałek,False,False,Poniedziałek,127.0,126.0,C (ogon),0.0
1171638,2,2,11398,4,1.0,0.0,6.4722,6.4722,2023-01-09,368.0,DF/PAR/230109/2981/2,21,1.0,,151.0,CUKIER BIAŁY KRÓLEWSKI 1KG SUDZUCKER,5902136817550.0,0.0,3.2315,CUKIER /zbożowe i sypkie,2023,1,2023-01,0,False,-1.0,-0.0,Poniedziałek,False,False,Poniedziałek,126.0,125.0,C (ogon),0.0
1171643,31,30,11398,4,1.0,0.0,5.5,5.5,2023-01-09,373.0,ST/23/6,23,1.0,,151.0,CUKIER BIAŁY KRÓLEWSKI 1KG SUDZUCKER,5902136817550.0,0.0,3.2315,CUKIER /zbożowe i sypkie,2023,1,2023-01,0,False,1.0,,Poniedziałek,False,False,Poniedziałek,125.0,126.0,C (ogon),0.0
1171953,2,2,11398,4,1.0,0.0,6.4722,6.4722,2023-01-09,671.0,DF/PAR/230109/3119/2,21,1.0,,151.0,CUKIER BIAŁY KRÓLEWSKI 1KG SUDZUCKER,5902136817550.0,0.0,3.2315,CUKIER /zbożowe i sypkie,2023,1,2023-01,0,False,-1.0,-0.0,Poniedziałek,False,False,Poniedziałek,126.0,125.0,C (ogon),0.0
1172230,3,3,11398,4,1.0,0.0,6.4722,6.4722,2023-01-10,49.0,DF/PAR/230110/1961/1,21,1.0,,151.0,CUKIER BIAŁY KRÓLEWSKI 1KG SUDZUCKER,5902136817550.0,0.0,3.2315,CUKIER /zbożowe i sypkie,2023,1,2023-01,1,False,-1.0,-0.0,Wtorek,False,False,Wtorek,125.0,124.0,C (ogon),0.0
1172313,1,1,11398,4,1.0,0.0,6.4722,6.4722,2023-01-10,132.0,DF/PAR/230110/2020/1,21,1.0,,151.0,CUKIER BIAŁY KRÓLEWSKI 1KG SUDZUCKER,5902136817550.0,0.0,3.2315,CUKIER /zbożowe i sypkie,2023,1,2023-01,1,False,-1.0,-0.0,Wtorek,False,False,Wtorek,124.0,123.0,C (ogon),0.0
1172369,6,6,11398,4,1.0,0.0,6.4722,6.4722,2023-01-10,188.0,DF/PAR/230110/2069/1,21,1.0,,151.0,CUKIER BIAŁY KRÓLEWSKI 1KG SUDZUCKER,5902136817550.0,0.0,3.2315,CUKIER /zbożowe i sypkie,2023,1,2023-01,1,False,-1.0,-0.0,Wtorek,False,False,Wtorek,123.0,122.0,C (ogon),0.0
1172474,1,1,11398,4,1.0,0.0,6.4722,6.4722,2023-01-10,293.0,DF/PAR/230110/2151/1,21,1.0,,151.0,CUKIER BIAŁY KRÓLEWSKI 1KG SUDZUCKER,5902136817550.0,0.0,3.2315,CUKIER /zbożowe i sypkie,2023,1,2023-01,1,False,-1.0,-0.0,Wtorek,False,False,Wtorek,122.0,121.0,C (ogon),0.0
1172480,2,2,11398,4,1.0,0.0,6.4722,6.4722,2023-01-10,299.0,DF/PAR/230110/3322/2,21,1.0,,151.0,CUKIER BIAŁY KRÓLEWSKI 1KG SUDZUCKER,5902136817550.0,0.0,3.2315,CUKIER /zbożowe i sypkie,2023,1,2023-01,1,False,-1.0,-0.0,Wtorek,False,False,Wtorek,121.0,120.0,C (ogon),0.0
1172480,3,3,11398,4,1.0,0.0,6.4722,6.4722,2023-01-10,299.0,DF/PAR/230110/3322/2,21,1.0,,151.0,CUKIER BIAŁY KRÓLEWSKI 1KG SUDZUCKER,5902136817550.0,0.0,3.2315,CUKIER /zbożowe i sypkie,2023,1,2023-01,1,False,-1.0,-0.0,Wtorek,False,False,Wtorek,120.0,119.0,C (ogon),0.0
1172500,6,6,11398,4,1.0,0.0,6.4722,6.4722,2023-01-10,319.0,DF/PAR/230110/2163/1,21,1.0,,151.0,CUKIER BIAŁY KRÓLEWSKI 1KG SUDZUCKER,5902136817550.0,0.0,3.2315,CUKIER /zbożowe i sypkie,2023,1,2023-01,1,False,-1.0,-0.0,Wtorek,False,False,Wtorek,119.0,118.0,C (ogon),0.0
1172500,7,7,11398,4,1.0,0.0,6.4722,6.4722,2023-01-10,319.0,DF/PAR/230110/2163/1,21,1.0,,151.0,CUKIER BIAŁY KRÓLEWSKI 1KG SUDZUCKER,5902136817550.0,0.0,3.2315,CUKIER /zbożowe i sypkie,2023,1,2023-01,1,False,-1.0,-0.0,Wtorek,False,False,Wtorek,118.0,117.0,C (ogon),0.0
1172580,1,1,11398,4,1.0,0.0,6.4722,6.4722,2023-01-10,396.0,DF/PAR/230110/2210/1,21,1.0,,151.0,CUKIER BIAŁY KRÓLEWSKI 1KG SUDZUCKER,5902136817550.0,0.0,3.2315,CUKIER /zbożowe i sypkie,2023,1,2023-01,1,False,-1.0,-0.0,Wtorek,False,False,Wtorek,117.0,116.0,C (ogon),0.0
1172623,3,3,11398,4,1.0,0.0,6.4722,6.4722,2023-01-10,436.0,DF/PAR/230110/3369/2,21,1.0,,151.0,CUKIER BIAŁY KRÓLEWSKI 1KG SUDZUCKER,5902136817550.0,0.0,3.2315,CUKIER /zbożowe i sypkie,2023,1,2023-01,1,False,-1.0,-0.0,Wtorek,False,False,Wtorek,116.0,115.0,C (ogon),0.0
1172750,1,1,11398,4,1.0,0.0,6.4722,6.4722,2023-01-10,563.0,DF/PAR/230110/3386/2,21,1.0,,151.0,CUKIER BIAŁY KRÓLEWSKI 1KG SUDZUCKER,5902136817550.0,0.0,3.2315,CUKIER /zbożowe i sypkie,2023,1,2023-01,1,False,-1.0,-0.0,Wtorek,False,False,Wtorek,115.0,114.0,C (ogon),0.0
1172780,1,1,11398,4,2.0,0.0,6.4722,12.9444,2023-01-10,593.0,DF/PAR/230110/3397/2,21,1.0,,151.0,CUKIER BIAŁY KRÓLEWSKI 1KG SUDZUCKER,5902136817550.0,0.0,3.2315,CUKIER /zbożowe i sypkie,2023,1,2023-01,1,False,-2.0,-0.0,Wtorek,False,False,Wtorek,114.0,112.0,C (ogon),0.0
1172795,1,1,11398,4,1.0,0.0,6.4722,6.4722,2023-01-10,602.0,DF/PAR/230110/2323/1,21,1.0,,151.0,CUKIER BIAŁY KRÓLEWSKI 1KG SUDZUCKER,5902136817550.0,0.0,3.2315,CUKIER /zbożowe i sypkie,2023,1,2023-01,1,False,-1.0,-0.0,Wtorek,False,False,Wtorek,112.0,111.0,C (ogon),0.0
1172835,2,2,11398,4,1.0,0.0,6.4722,6.4722,2023-01-10,642.0,DF/PAR/230110/2340/1,21,1.0,,151.0,CUKIER BIAŁY KRÓLEWSKI 1KG SUDZUCKER,5902136817550.0,0.0,3.2315,CUKIER /zbożowe i sypkie,2023,1,2023-01,1,False,-1.0,-0.0,Wtorek,False,False,Wtorek,111.0,110.0,C (ogon),0.0
1172844,6,6,11398,4,1.0,0.0,6.4722,6.4722,2023-01-10,651.0,DF/PAR/230110/2348/1,21,1.0,,151.0,CUKIER BIAŁY KRÓLEWSKI 1KG SUDZUCKER,5902136817550.0,0.0,3.2315,CUKIER /zbożowe i sypkie,2023,1,2023-01,1,False,-1.0,-0.0,Wtorek,False,False,Wtorek,110.0,109.0,C (ogon),0.0
1172980,2,2,11398,4,1.0,0.0,6.4722,6.4722,2023-01-10,787.0,DF/PAR/230110/3503/2,21,1.0,,151.0,CUKIER BIAŁY KRÓLEWSKI 1KG SUDZUCKER,5902136817550.0,0.0,3.2315,CUKIER /zbożowe i sypkie,2023,1,2023-01,1,False,-1.0,-0.0,Wtorek,False,False,Wtorek,109.0,108.0,C (ogon),0.0
1172997,1,1,11398,4,1.0,0.0,6.4722,6.4722,2023-01-10,804.0,DF/PAR/230110/3517/2,21,1.0,,151.0,CUKIER BIAŁY KRÓLEWSKI 1KG SUDZUCKER,5902136817550.0,0.0,3.2315,CUKIER /zbożowe i sypkie,2023,1,2023-01,1,False,-1.0,-0.0,Wtorek,False,False,Wtorek,108.0,107.0,C (ogon),0.0
1173035,3,3,11398,4,1.0,0.0,6.4722,6.4722,2023-01-10,842.0,DF/PAR/230110/3550/2,21,1.0,,151.0,CUKIER BIAŁY KRÓLEWSKI 1KG SUDZUCKER,5902136817550.0,0.0,3.2315,CUKIER /zbożowe i sypkie,2023,1,2023-01,1,False,-1.0,-0.0,Wtorek,False,False,Wtorek,107.0,106.0,C (ogon),0.0
1173041,2,2,11398,4,1.0,0.0,6.4722,6.4722,2023-01-10,848.0,DF/PAR/230110/3556/2,21,1.0,,151.0,CUKIER BIAŁY KRÓLEWSKI 1KG SUDZUCKER,5902136817550.0,0.0,3.2315,CUKIER /zbożowe i sypkie,2023,1,2023-01,1,False,-1.0,-0.0,Wtorek,False,False,Wtorek,106.0,105.0,C (ogon),0.0
1173056,3,3,11398,4,1.0,0.0,6.4722,6.4722,2023-01-10,863.0,DF/PAR/230110/3570/2,21,1.0,,151.0,CUKIER BIAŁY KRÓLEWSKI 1KG SUDZUCKER,5902136817550.0,0.0,3.2315,CUKIER /zbożowe i sypkie,2023,1,2023-01,1,False,-1.0,-0.0,Wtorek,False,False,Wtorek,105.0,104.0,C (ogon),0.0
1173269,2,2,11398,4,1.0,0.0,6.4722,6.4722,2023-01-11,103.0,DF/PAR/230111/2518/1,21,1.0,,151.0,CUKIER BIAŁY KRÓLEWSKI 1KG SUDZUCKER,5902136817550.0,0.0,3.2315,CUKIER /zbożowe i sypkie,2023,1,2023-01,2,False,-1.0,-0.0,Środa,False,False,Środa,104.0,103.0,C (ogon),0.0
1173294,3,3,11398,4,1.0,0.0,6.4722,6.4722,2023-01-11,128.0,DF/PAR/230111/3627/2,21,1.0,,151.0,CUKIER BIAŁY KRÓLEWSKI 1KG SUDZUCKER,5902136817550.0,0.0,3.2315,CUKIER /zbożowe i sypkie,2023,1,2023-01,2,False,-1.0,-0.0,Środa,False,False,Środa,103.0,102.0,C (ogon),0.0
1173416,1,1,11398,4,1.0,0.0,6.4722,6.4722,2023-01-11,249.0,DF/PAR/230111/3631/2,21,1.0,,151.0,CUKIER BIAŁY KRÓLEWSKI 1KG SUDZUCKER,5902136817550.0,0.0,3.2315,CUKIER /zbożowe i sypkie,2023,1,2023-01,2,False,-1.0,-0.0,Środa,False,False,Środa,102.0,101.0,C (ogon),0.0
1173425,2,2,11398,4,1.0,0.0,6.4722,6.4722,2023-01-11,258.0,DF/PAR/230111/2648/1,21,1.0,,151.0,CUKIER BIAŁY KRÓLEWSKI 1KG SUDZUCKER,5902136817550.0,0.0,3.2315,CUKIER /zbożowe i sypkie,2023,1,2023-01,2,False,-1.0,-0.0,Środa,False,False,Środa,101.0,100.0,C (ogon),0.0
1173530,1,1,11398,4,1.0,0.0,6.4722,6.4722,2023-01-11,363.0,DF/PAR/230111/2708/1,21,1.0,,151.0,CUKIER BIAŁY KRÓLEWSKI 1KG SUDZUCKER,5902136817550.0,0.0,3.2315,CUKIER /zbożowe i sypkie,2023,1,2023-01,2,False,-1.0,-0.0,Środa,False,False,Środa,100.0,99.0,C (ogon),0.0
1173805,5,5,11398,4,1.0,0.0,6.4722,6.4722,2023-01-11,632.0,DF/PAR/230111/3792/2,21,1.0,,151.0,CUKIER BIAŁY KRÓLEWSKI 1KG SUDZUCKER,5902136817550.0,0.0,3.2315,CUKIER /zbożowe i sypkie,2023,1,2023-01,2,False,-1.0,-0.0,Środa,False,False,Środa,99.0,98.0,C (ogon),0.0
1173935,1,1,11398,4,1.0,0.0,6.4722,6.4722,2023-01-11,760.0,DF/PAR/230111/3871/2,21,1.0,,151.0,CUKIER BIAŁY KRÓLEWSKI 1KG SUDZUCKER,5902136817550.0,0.0,3.2315,CUKIER /zbożowe i sypkie,2023,1,2023-01,2,False,-1.0,-0.0,Środa,False,False,Środa,98.0,97.0,C (ogon),0.0
1173943,1,1,11398,4,1.0,0.0,6.4722,6.4722,2023-01-11,768.0,DF/PAR/230111/2864/1,21,1.0,,151.0,CUKIER BIAŁY KRÓLEWSKI 1KG SUDZUCKER,5902136817550.0,0.0,3.2315,CUKIER /zbożowe i sypkie,2023,1,2023-01,2,False,-1.0,-0.0,Środa,False,False,Środa,97.0,96.0,C (ogon),0.0
1173974,5,5,11398,4,1.0,0.0,6.4722,6.4722,2023-01-11,799.0,DF/PAR/230111/3903/2,21,1.0,,151.0,CUKIER BIAŁY KRÓLEWSKI 1KG SUDZUCKER,5902136817550.0,0.0,3.2315,CUKIER /zbożowe i sypkie,2023,1,2023-01,2,False,-1.0,-0.0,Środa,False,False,Środa,96.0,95.0,C (ogon),0.0
1174167,1,1,11398,4,1.0,0.0,6.4722,6.4722,2023-01-12,681.0,DF/PAR/230112/4022/2,21,1.0,,151.0,CUKIER BIAŁY KRÓLEWSKI 1KG SUDZUCKER,5902136817550.0,0.0,3.2315,CUKIER /zbożowe i sypkie,2023,1,2023-01,3,False,-1.0,-0.0,Czwartek,False,False,Czwartek,95.0,94.0,C (ogon),0.0
1174261,2,2,11398,4,1.0,0.0,6.4722,6.4722,2023-01-12,775.0,DF/PAR/230112/4106/2,21,1.0,,151.0,CUKIER BIAŁY KRÓLEWSKI 1KG SUDZUCKER,5902136817550.0,0.0,3.2315,CUKIER /zbożowe i sypkie,2023,1,2023-01,3,False,-1.0,-0.0,Czwartek,False,False,Czwartek,94.0,93.0,C (ogon),0.0
1174521,10,10,11398,4,1.0,0.0,6.4722,6.4722,2023-01-12,1033.0,DF/PAR/230112/4299/2,21,1.0,,151.0,CUKIER BIAŁY KRÓLEWSKI 1KG SUDZUCKER,5902136817550.0,0.0,3.2315,CUKIER /zbożowe i sypkie,2023,1,2023-01,3,False,-1.0,-0.0,Czwartek,False,False,Czwartek,93.0,92.0,C (ogon),0.0
1174716,1,1,11398,4,1.0,0.0,6.4722,6.4722,2023-01-12,1227.0,DF/PAR/230112/4398/2,21,1.0,,151.0,CUKIER BIAŁY KRÓLEWSKI 1KG SUDZUCKER,5902136817550.0,0.0,3.2315,CUKIER /zbożowe i sypkie,2023,1,2023-01,3,False,-1.0,-0.0,Czwartek,False,False,Czwartek,92.0,91.0,C (ogon),0.0
1174881,1,1,11398,4,1.0,0.0,6.4722,6.4722,2023-01-12,1390.0,DF/PAR/230112/4456/2,21,1.0,,151.0,CUKIER BIAŁY KRÓLEWSKI 1KG SUDZUCKER,5902136817550.0,0.0,3.2315,CUKIER /zbożowe i sypkie,2023,1,2023-01,3,False,-1.0,-0.0,Czwartek,False,False,Czwartek,91.0,90.0,C (ogon),0.0
1175273,3,3,11398,4,1.0,0.0,6.4722,6.4722,2023-01-13,130.0,DF/PAR/230113/4618/2,21,1.0,,151.0,CUKIER BIAŁY KRÓLEWSKI 1KG SUDZUCKER,5902136817550.0,0.0,3.2315,CUKIER /zbożowe i sypkie,2023,1,2023-01,4,False,-1.0,-0.0,Piątek,False,False,Piątek,90.0,89.0,C (ogon),0.0
1175330,3,3,11398,4,1.0,0.0,6.4722,6.4722,2023-01-13,187.0,DF/PAR/230113/3282/1,21,1.0,,151.0,CUKIER BIAŁY KRÓLEWSKI 1KG SUDZUCKER,5902136817550.0,0.0,3.2315,CUKIER /zbożowe i sypkie,2023,1,2023-01,4,False,-1.0,-0.0,Piątek,False,False,Piątek,89.0,88.0,C (ogon),0.0
1175351,4,4,11398,4,1.0,0.0,6.4722,6.4722,2023-01-13,208.0,DF/PAR/230113/3300/1,21,1.0,,151.0,CUKIER BIAŁY KRÓLEWSKI 1KG SUDZUCKER,5902136817550.0,0.0,3.2315,CUKIER /zbożowe i sypkie,2023,1,2023-01,4,False,-1.0,-0.0,Piątek,False,False,Piątek,88.0,87.0,C (ogon),0.0
1175362,5,5,11398,4,1.0,0.0,6.4722,6.4722,2023-01-13,219.0,DF/PAR/230113/3311/1,21,1.0,,151.0,CUKIER BIAŁY KRÓLEWSKI 1KG SUDZUCKER,5902136817550.0,0.0,3.2315,CUKIER /zbożowe i sypkie,2023,1,2023-01,4,False,-1.0,-0.0,Piątek,False,False,Piątek,87.0,86.0,C (ogon),0.0
1175535,1,1,11398,4,1.0,0.0,6.4722,6.4722,2023-01-13,390.0,DF/PAR/230113/3422/1,21,1.0,,151.0,CUKIER BIAŁY KRÓLEWSKI 1KG SUDZUCKER,5902136817550.0,0.0,3.2315,CUKIER /zbożowe i sypkie,2023,1,2023-01,4,False,-1.0,-0.0,Piątek,False,False,Piątek,86.0,85.0,C (ogon),0.0
1175705,3,3,11398,4,1.0,0.0,6.4722,6.4722,2023-01-13,560.0,DF/PAR/230113/3518/1,21,1.0,,151.0,CUKIER BIAŁY KRÓLEWSKI 1KG SUDZUCKER,5902136817550.0,0.0,3.2315,CUKIER /zbożowe i sypkie,2023,1,2023-01,4,False,-1.0,-0.0,Piątek,False,False,Piątek,85.0,84.0,C (ogon),0.0
1175792,1,1,11398,4,1.0,0.0,6.4722,6.4722,2023-01-13,646.0,DF/PAR/230113/3546/1,21,1.0,,151.0,CUKIER BIAŁY KRÓLEWSKI 1KG SUDZUCKER,5902136817550.0,0.0,3.2315,CUKIER /zbożowe i sypkie,2023,1,2023-01,4,False,-1.0,-0.0,Piątek,False,False,Piątek,84.0,83.0,C (ogon),0.0
1175869,9,9,11398,4,1.0,0.0,6.4722,6.4722,2023-01-13,723.0,DF/PAR/230113/3577/1,21,1.0,,151.0,CUKIER BIAŁY KRÓLEWSKI 1KG SUDZUCKER,5902136817550.0,0.0,3.2315,CUKIER /zbożowe i sypkie,2023,1,2023-01,4,False,-1.0,-0.0,Piątek,False,False,Piątek,83.0,82.0,C (ogon),0.0
1176048,1,1,11398,4,1.0,0.0,6.4722,6.4722,2023-01-13,902.0,DF/PAR/230113/4935/2,21,1.0,,151.0,CUKIER BIAŁY KRÓLEWSKI 1KG SUDZUCKER,5902136817550.0,0.0,3.2315,CUKIER /zbożowe i sypkie,2023,1,2023-01,4,False,-1.0,-0.0,Piątek,False,False,Piątek,82.0,81.0,C (ogon),0.0
1176363,4,4,11398,4,1.0,0.0,6.4722,6.4722,2023-01-14,215.0,DF/PAR/230114/3724/1,21,1.0,,151.0,CUKIER BIAŁY KRÓLEWSKI 1KG SUDZUCKER,5902136817550.0,0.0,3.2315,CUKIER /zbożowe i sypkie,2023,1,2023-01,5,False,-1.0,-0.0,Sobota,False,False,Sobota,81.0,80.0,C (ogon),0.0
1176504,6,6,11398,4,1.0,0.0,6.4722,6.4722,2023-01-14,356.0,DF/PAR/230114/5184/2,21,1.0,,151.0,CUKIER BIAŁY KRÓLEWSKI 1KG SUDZUCKER,5902136817550.0,0.0,3.2315,CUKIER /zbożowe i sypkie,2023,1,2023-01,5,False,-1.0,-0.0,Sobota,False,False,Sobota,80.0,79.0,C (ogon),0.0
1176504,8,8,11398,4,1.0,0.0,6.4722,6.4722,2023-01-14,356.0,DF/PAR/230114/5184/2,21,1.0,,151.0,CUKIER BIAŁY KRÓLEWSKI 1KG SUDZUCKER,5902136817550.0,0.0,3.2315,CUKIER /zbożowe i sypkie,2023,1,2023-01,5,False,-1.0,-0.0,Sobota,False,False,Sobota,79.0,78.0,C (ogon),0.0
1176508,2,2,11398,4,1.0,0.0,6.4722,6.4722,2023-01-14,360.0,DF/PAR/230114/5186/2,21,1.0,,151.0,CUKIER BIAŁY KRÓLEWSKI 1KG SUDZUCKER,5902136817550.0,0.0,3.2315,CUKIER /zbożowe i sypkie,2023,1,2023-01,5,False,-1.0,-0.0,Sobota,False,False,Sobota,78.0,77.0,C (ogon),0.0
1176508,3,3,11398,4,1.0,0.0,6.4722,6.4722,2023-01-14,360.0,DF/PAR/230114/5186/2,21,1.0,,151.0,CUKIER BIAŁY KRÓLEWSKI 1KG SUDZUCKER,5902136817550.0,0.0,3.2315,CUKIER /zbożowe i sypkie,2023,1,2023-01,5,False,-1.0,-0.0,Sobota,False,False,Sobota,77.0,76.0,C (ogon),0.0
1176530,6,6,11398,4,1.0,0.0,6.4722,6.4722,2023-01-14,382.0,DF/PAR/230114/5196/2,21,1.0,,151.0,CUKIER BIAŁY KRÓLEWSKI 1KG SUDZUCKER,5902136817550.0,0.0,3.2315,CUKIER /zbożowe i sypkie,2023,1,2023-01,5,False,-1.0,-0.0,Sobota,False,False,Sobota,76.0,75.0,C (ogon),0.0
1176561,2,2,11398,4,1.0,0.0,6.4722,6.4722,2023-01-14,413.0,DF/PAR/230114/3815/1,21,1.0,,151.0,CUKIER BIAŁY KRÓLEWSKI 1KG SUDZUCKER,5902136817550.0,0.0,3.2315,CUKIER /zbożowe i sypkie,2023,1,2023-01,5,False,-1.0,-0.0,Sobota,False,False,Sobota,75.0,74.0,C (ogon),0.0
1176567,1,1,11398,4,1.0,0.0,6.4722,6.4722,2023-01-14,419.0,DF/PAR/230114/3819/1,21,1.0,,151.0,CUKIER BIAŁY KRÓLEWSKI 1KG SUDZUCKER,5902136817550.0,0.0,3.2315,CUKIER /zbożowe i sypkie,2023,1,2023-01,5,False,-1.0,-0.0,Sobota,False,False,Sobota,74.0,73.0,C (ogon),0.0
1176613,7,7,11398,4,1.0,0.0,6.4722,6.4722,2023-01-14,465.0,DF/PAR/230114/3841/1,21,1.0,,151.0,CUKIER BIAŁY KRÓLEWSKI 1KG SUDZUCKER,5902136817550.0,0.0,3.2315,CUKIER /zbożowe i sypkie,2023,1,2023-01,5,False,-1.0,-0.0,Sobota,False,False,Sobota,73.0,72.0,C (ogon),0.0
1176653,2,2,11398,4,1.0,0.0,6.4722,6.4722,2023-01-14,505.0,DF/PAR/230114/3866/1,21,1.0,,151.0,CUKIER BIAŁY KRÓLEWSKI 1KG SUDZUCKER,5902136817550.0,0.0,3.2315,CUKIER /zbożowe i sypkie,2023,1,2023-01,5,False,-1.0,-0.0,Sobota,False,False,Sobota,72.0,71.0,C (ogon),0.0
1176902,12,12,11398,4,1.0,0.0,6.4722,6.4722,2023-01-14,754.0,DF/PAR/230114/3973/1,21,1.0,,151.0,CUKIER BIAŁY KRÓLEWSKI 1KG SUDZUCKER,5902136817550.0,0.0,3.2315,CUKIER /zbożowe i sypkie,2023,1,2023-01,5,False,-1.0,-0.0,Sobota,False,False,Sobota,71.0,70.0,C (ogon),0.0
1176915,9,9,11398,4,1.0,0.0,6.4722,6.4722,2023-01-14,767.0,DF/PAR/230114/3980/1,21,1.0,,151.0,CUKIER BIAŁY KRÓLEWSKI 1KG SUDZUCKER,5902136817550.0,0.0,3.2315,CUKIER /zbożowe i sypkie,2023,1,2023-01,5,False,-1.0,-0.0,Sobota,False,False,Sobota,70.0,69.0,C (ogon),0.0
1176920,8,8,11398,4,1.0,0.0,6.4722,6.4722,2023-01-14,772.0,DF/PAR/230114/5347/2,21,1.0,,151.0,CUKIER BIAŁY KRÓLEWSKI 1KG SUDZUCKER,5902136817550.0,0.0,3.2315,CUKIER /zbożowe i sypkie,2023,1,2023-01,5,False,-1.0,-0.0,Sobota,False,False,Sobota,69.0,68.0,C (ogon),0.0
1176936,1,1,11398,4,1.0,0.0,6.4722,6.4722,2023-01-14,788.0,DF/PAR/230114/5359/2,21,1.0,,151.0,CUKIER BIAŁY KRÓLEWSKI 1KG SUDZUCKER,5902136817550.0,0.0,3.2315,CUKIER /zbożowe i sypkie,2023,1,2023-01,5,False,-1.0,-0.0,Sobota,False,False,Sobota,68.0,67.0,C (ogon),0.0
1176992,2,2,11398,4,1.0,0.0,6.4722,6.4722,2023-01-14,844.0,DF/PAR/230114/5402/2,21,1.0,,151.0,CUKIER BIAŁY KRÓLEWSKI 1KG SUDZUCKER,5902136817550.0,0.0,3.2315,CUKIER /zbożowe i sypkie,2023,1,2023-01,5,False,-1.0,-0.0,Sobota,False,False,Sobota,67.0,66.0,C (ogon),0.0
1177048,8,8,11398,4,1.0,0.0,6.4722,6.4722,2023-01-14,900.0,DF/PAR/230114/5450/2,21,1.0,,151.0,CUKIER BIAŁY KRÓLEWSKI 1KG SUDZUCKER,5902136817550.0,0.0,3.2315,CUKIER /zbożowe i sypkie,2023,1,2023-01,5,False,-1.0,-0.0,Sobota,False,False,Sobota,66.0,65.0,C (ogon),0.0
1177250,7,7,11398,4,1.0,0.0,6.4722,6.4722,2023-01-16,50.0,DF/PAR/230116/5587/2,21,1.0,,151.0,CUKIER BIAŁY KRÓLEWSKI 1KG SUDZUCKER,5902136817550.0,0.0,3.2315,CUKIER /zbożowe i sypkie,2023,1,2023-01,0,False,-1.0,-0.0,Poniedziałek,False,False,Poniedziałek,65.0,64.0,C (ogon),0.0
1177275,7,7,11398,4,1.0,0.0,6.4722,6.4722,2023-01-16,75.0,DF/PAR/230116/5611/2,21,1.0,,151.0,CUKIER BIAŁY KRÓLEWSKI 1KG SUDZUCKER,5902136817550.0,0.0,3.2315,CUKIER /zbożowe i sypkie,2023,1,2023-01,0,False,-1.0,-0.0,Poniedziałek,False,False,Poniedziałek,64.0,63.0,C (ogon),0.0
1177355,2,2,11398,4,1.0,0.0,6.4722,6.4722,2023-01-16,155.0,DF/PAR/230116/5689/2,21,1.0,,151.0,CUKIER BIAŁY KRÓLEWSKI 1KG SUDZUCKER,5902136817550.0,0.0,3.2315,CUKIER /zbożowe i sypkie,2023,1,2023-01,0,False,-1.0,-0.0,Poniedziałek,False,False,Poniedziałek,63.0,62.0,C (ogon),0.0
1177369,2,2,11398,4,1.0,0.0,6.4722,6.4722,2023-01-16,169.0,DF/PAR/230116/5703/2,21,1.0,,151.0,CUKIER BIAŁY KRÓLEWSKI 1KG SUDZUCKER,5902136817550.0,0.0,3.2315,CUKIER /zbożowe i sypkie,2023,1,2023-01,0,False,-1.0,-0.0,Poniedziałek,False,False,Poniedziałek,62.0,61.0,C (ogon),0.0
1177377,1,1,11398,4,1.0,0.0,6.4722,6.4722,2023-01-16,177.0,DF/PAR/230116/5710/2,21,1.0,,151.0,CUKIER BIAŁY KRÓLEWSKI 1KG SUDZUCKER,5902136817550.0,0.0,3.2315,CUKIER /zbożowe i sypkie,2023,1,2023-01,0,False,-1.0,-0.0,Poniedziałek,False,False,Poniedziałek,61.0,60.0,C (ogon),0.0
1177571,4,4,11398,4,1.0,0.0,6.4722,6.4722,2023-01-16,368.0,DF/PAR/230116/5846/2,21,1.0,,151.0,CUKIER BIAŁY KRÓLEWSKI 1KG SUDZUCKER,5902136817550.0,0.0,3.2315,CUKIER /zbożowe i sypkie,2023,1,2023-01,0,False,-1.0,-0.0,Poniedziałek,False,False,Poniedziałek,60.0,59.0,C (ogon),0.0
1177642,3,3,11398,4,1.0,0.0,6.4722,6.4722,2023-01-16,437.0,DF/PAR/230116/5889/2,21,1.0,,151.0,CUKIER BIAŁY KRÓLEWSKI 1KG SUDZUCKER,5902136817550.0,0.0,3.2315,CUKIER /zbożowe i sypkie,2023,1,2023-01,0,False,-1.0,-0.0,Poniedziałek,False,False,Poniedziałek,59.0,58.0,C (ogon),0.0
1177782,2,2,11398,4,1.0,0.0,6.4722,6.4722,2023-01-16,573.0,DF/PAR/230116/5962/2,21,1.0,,151.0,CUKIER BIAŁY KRÓLEWSKI 1KG SUDZUCKER,5902136817550.0,0.0,3.2315,CUKIER /zbożowe i sypkie,2023,1,2023-01,0,False,-1.0,-0.0,Poniedziałek,False,False,Poniedziałek,58.0,57.0,C (ogon),0.0
1177812,3,3,11398,4,1.0,0.0,6.4722,6.4722,2023-01-16,601.0,DF/PAR/230116/5976/2,21,1.0,,151.0,CUKIER BIAŁY KRÓLEWSKI 1KG SUDZUCKER,5902136817550.0,0.0,3.2315,CUKIER /zbożowe i sypkie,2023,1,2023-01,0,False,-1.0,-0.0,Poniedziałek,False,False,Poniedziałek,57.0,56.0,C (ogon),0.0
1177827,1,1,11398,4,1.0,0.0,6.4722,6.4722,2023-01-16,616.0,DF/PAR/230116/5990/2,21,1.0,,151.0,CUKIER BIAŁY KRÓLEWSKI 1KG SUDZUCKER,5902136817550.0,0.0,3.2315,CUKIER /zbożowe i sypkie,2023,1,2023-01,0,False,-1.0,-0.0,Poniedziałek,False,False,Poniedziałek,56.0,55.0,C (ogon),0.0
1177894,1,1,11398,4,1.0,0.0,6.4722,6.4722,2023-01-16,683.0,DF/PAR/230116/4127/1,21,1.0,,151.0,CUKIER BIAŁY KRÓLEWSKI 1KG SUDZUCKER,5902136817550.0,0.0,3.2315,CUKIER /zbożowe i sypkie,2023,1,2023-01,0,False,-1.0,-0.0,Poniedziałek,False,False,Poniedziałek,55.0,54.0,C (ogon),0.0
1177939,1,1,11398,4,1.0,0.0,6.4722,6.4722,2023-01-16,728.0,DF/PAR/230116/6065/2,21,1.0,,151.0,CUKIER BIAŁY KRÓLEWSKI 1KG SUDZUCKER,5902136817550.0,0.0,3.2315,CUKIER /zbożowe i sypkie,2023,1,2023-01,0,False,-1.0,-0.0,Poniedziałek,False,False,Poniedziałek,54.0,53.0,C (ogon),0.0
1177951,1,1,11398,4,1.0,0.0,6.4722,6.4722,2023-01-16,740.0,DF/PAR/230116/6075/2,21,1.0,,151.0,CUKIER BIAŁY KRÓLEWSKI 1KG SUDZUCKER,5902136817550.0,0.0,3.2315,CUKIER /zbożowe i sypkie,2023,1,2023-01,0,False,-1.0,-0.0,Poniedziałek,False,False,Poniedziałek,53.0,52.0,C (ogon),0.0
1178040,2,2,11398,4,1.0,0.0,6.4722,6.4722,2023-01-16,827.0,DF/PAR/230116/6140/2,21,1.0,,151.0,CUKIER BIAŁY KRÓLEWSKI 1KG SUDZUCKER,5902136817550.0,0.0,3.2315,CUKIER /zbożowe i sypkie,2023,1,2023-01,0,False,-1.0,-0.0,Poniedziałek,False,False,Poniedziałek,52.0,51.0,C (ogon),0.0
1178049,1,1,11398,4,1.0,0.0,6.4722,6.4722,2023-01-16,836.0,DF/PAR/230116/6149/2,21,1.0,,151.0,CUKIER BIAŁY KRÓLEWSKI 1KG SUDZUCKER,5902136817550.0,0.0,3.2315,CUKIER /zbożowe i sypkie,2023,1,2023-01,0,False,-1.0,-0.0,Poniedziałek,False,False,Poniedziałek,51.0,50.0,C (ogon),0.0
1178210,1,1,11398,4,1.0,0.0,6.4722,6.4722,2023-01-17,27.0,DF/PAR/230117/6256/2,21,1.0,,151.0,CUKIER BIAŁY KRÓLEWSKI 1KG SUDZUCKER,5902136817550.0,0.0,3.2315,CUKIER /zbożowe i sypkie,2023,1,2023-01,1,False,-1.0,-0.0,Wtorek,False,False,Wtorek,50.0,49.0,C (ogon),0.0
1178236,6,6,11398,4,4.0,0.0,6.4722,25.8889,2023-01-17,53.0,DF/PAR/230117/6281/2,21,1.0,,151.0,CUKIER BIAŁY KRÓLEWSKI 1KG SUDZUCKER,5902136817550.0,0.0,3.2315,CUKIER /zbożowe i sypkie,2023,1,2023-01,1,False,-4.0,-0.0,Wtorek,False,False,Wtorek,49.0,45.0,C (ogon),0.0
1178324,1,1,11398,4,1.0,0.0,6.4722,6.4722,2023-01-17,140.0,DF/PAR/230117/6346/2,21,1.0,,151.0,CUKIER BIAŁY KRÓLEWSKI 1KG SUDZUCKER,5902136817550.0,0.0,3.2315,CUKIER /zbożowe i sypkie,2023,1,2023-01,1,False,-1.0,-0.0,Wtorek,False,False,Wtorek,45.0,44.0,C (ogon),0.0
1178360,4,4,11398,4,1.0,0.0,6.4722,6.4722,2023-01-17,174.0,DF/PAR/230117/6379/2,21,1.0,,151.0,CUKIER BIAŁY KRÓLEWSKI 1KG SUDZUCKER,5902136817550.0,0.0,3.2315,CUKIER /zbożowe i sypkie,2023,1,2023-01,1,False,-1.0,-0.0,Wtorek,False,False,Wtorek,44.0,43.0,C (ogon),0.0
1178548,12,12,11398,4,1.0,0.0,6.4722,6.4722,2023-01-17,360.0,DF/PAR/230117/6518/2,21,1.0,,151.0,CUKIER BIAŁY KRÓLEWSKI 1KG SUDZUCKER,5902136817550.0,0.0,3.2315,CUKIER /zbożowe i sypkie,2023,1,2023-01,1,False,-1.0,-0.0,Wtorek,False,False,Wtorek,43.0,42.0,C (ogon),0.0
1178655,2,2,11398,4,1.0,0.0,6.4722,6.4722,2023-01-17,467.0,DF/PAR/230117/6577/2,21,1.0,,151.0,CUKIER BIAŁY KRÓLEWSKI 1KG SUDZUCKER,5902136817550.0,0.0,3.2315,CUKIER /zbożowe i sypkie,2023,1,2023-01,1,False,-1.0,-0.0,Wtorek,False,False,Wtorek,42.0,41.0,C (ogon),0.0
1178846,1,1,11398,4,1.0,0.0,6.4722,6.4722,2023-01-17,654.0,DF/PAR/230117/6645/2,21,1.0,,151.0,CUKIER BIAŁY KRÓLEWSKI 1KG SUDZUCKER,5902136817550.0,0.0,3.2315,CUKIER /zbożowe i sypkie,2023,1,2023-01,1,False,-1.0,-0.0,Wtorek,False,False,Wtorek,41.0,40.0,C (ogon),0.0
1178889,2,2,11398,4,1.0,0.0,6.4722,6.4722,2023-01-17,697.0,DF/PAR/230117/4375/1,21,1.0,,151.0,CUKIER BIAŁY KRÓLEWSKI 1KG SUDZUCKER,5902136817550.0,0.0,3.2315,CUKIER /zbożowe i sypkie,2023,1,2023-01,1,False,-1.0,-0.0,Wtorek,False,False,Wtorek,40.0,39.0,C (ogon),0.0
1178901,4,4,11398,4,1.0,0.0,6.4722,6.4722,2023-01-17,709.0,DF/PAR/230117/4387/1,21,1.0,,151.0,CUKIER BIAŁY KRÓLEWSKI 1KG SUDZUCKER,5902136817550.0,0.0,3.2315,CUKIER /zbożowe i sypkie,2023,1,2023-01,1,False,-1.0,-0.0,Wtorek,False,False,Wtorek,39.0,38.0,C (ogon),0.0
1178912,3,3,11398,4,1.0,0.0,6.4722,6.4722,2023-01-17,720.0,DF/PAR/230117/4398/1,21,1.0,,151.0,CUKIER BIAŁY KRÓLEWSKI 1KG SUDZUCKER,5902136817550.0,0.0,3.2315,CUKIER /zbożowe i sypkie,2023,1,2023-01,1,False,-1.0,-0.0,Wtorek,False,False,Wtorek,38.0,37.0,C (ogon),0.0
1178923,1,1,11398,4,1.0,0.0,6.4722,6.4722,2023-01-17,731.0,DF/PAR/230117/4409/1,21,1.0,,151.0,CUKIER BIAŁY KRÓLEWSKI 1KG SUDZUCKER,5902136817550.0,0.0,3.2315,CUKIER /zbożowe i sypkie,2023,1,2023-01,1,False,-1.0,-0.0,Wtorek,False,False,Wtorek,37.0,36.0,C (ogon),0.0
1178999,1,1,11398,4,1.0,0.0,6.4722,6.4722,2023-01-17,807.0,DF/PAR/230117/4480/1,21,1.0,,151.0,CUKIER BIAŁY KRÓLEWSKI 1KG SUDZUCKER,5902136817550.0,0.0,3.2315,CUKIER /zbożowe i sypkie,2023,1,2023-01,1,False,-1.0,-0.0,Wtorek,False,False,Wtorek,36.0,35.0,C (ogon),0.0
1179126,2,2,11398,4,1.0,0.0,6.4722,6.4722,2023-01-18,46.0,DF/PAR/230118/6713/2,21,1.0,,151.0,CUKIER BIAŁY KRÓLEWSKI 1KG SUDZUCKER,5902136817550.0,0.0,3.2315,CUKIER /zbożowe i sypkie,2023,1,2023-01,2,False,-1.0,-0.0,Środa,False,False,Środa,35.0,34.0,C (ogon),0.0
1179210,209,209,11398,1,200.0,0.0,5.5,1100.0,2023-01-18,130.0,PZ/23/57,2,1.0,,151.0,CUKIER BIAŁY KRÓLEWSKI 1KG SUDZUCKER,5902136817550.0,0.0,3.2315,CUKIER /zbożowe i sypkie,2023,1,2023-01,2,False,200.0,,Środa,False,False,Środa,34.0,234.0,C (ogon),0.0
1179404,4,4,11398,4,1.0,0.0,6.4722,6.4722,2023-01-18,313.0,DF/PAR/230118/4542/1,21,1.0,,151.0,CUKIER BIAŁY KRÓLEWSKI 1KG SUDZUCKER,5902136817550.0,0.0,3.2315,CUKIER /zbożowe i sypkie,2023,1,2023-01,2,False,-1.0,-0.0,Środa,False,False,Środa,234.0,233.0,C (ogon),0.0
1179404,5,5,11398,4,1.0,0.0,6.4722,6.4722,2023-01-18,313.0,DF/PAR/230118/4542/1,21,1.0,,151.0,CUKIER BIAŁY KRÓLEWSKI 1KG SUDZUCKER,5902136817550.0,0.0,3.2315,CUKIER /zbożowe i sypkie,2023,1,2023-01,2,False,-1.0,-0.0,Środa,False,False,Środa,233.0,232.0,C (ogon),0.0
1179419,10,10,11398,4,1.0,0.0,6.4722,6.4722,2023-01-18,328.0,DF/PAR/230118/4553/1,21,1.0,,151.0,CUKIER BIAŁY KRÓLEWSKI 1KG SUDZUCKER,5902136817550.0,0.0,3.2315,CUKIER /zbożowe i sypkie,2023,1,2023-01,2,False,-1.0,-0.0,Środa,False,False,Środa,232.0,231.0,C (ogon),0.0
1179510,2,2,11398,4,2.0,0.0,6.4722,12.9444,2023-01-18,419.0,DF/PAR/230118/6985/2,21,1.0,,151.0,CUKIER BIAŁY KRÓLEWSKI 1KG SUDZUCKER,5902136817550.0,0.0,3.2315,CUKIER /zbożowe i sypkie,2023,1,2023-01,2,False,-2.0,-0.0,Środa,False,False,Środa,231.0,229.0,C (ogon),0.0
1179550,1,1,11398,4,1.0,0.0,6.4722,6.4722,2023-01-18,459.0,DF/PAR/230118/4585/1,21,1.0,,151.0,CUKIER BIAŁY KRÓLEWSKI 1KG SUDZUCKER,5902136817550.0,0.0,3.2315,CUKIER /zbożowe i sypkie,2023,1,2023-01,2,False,-1.0,-0.0,Środa,False,False,Środa,229.0,228.0,C (ogon),0.0
1179612,1,1,11398,4,1.0,0.0,6.4722,6.4722,2023-01-18,521.0,DF/PAR/230118/4589/1,21,1.0,,151.0,CUKIER BIAŁY KRÓLEWSKI 1KG SUDZUCKER,5902136817550.0,0.0,3.2315,CUKIER /zbożowe i sypkie,2023,1,2023-01,2,False,-1.0,-0.0,Środa,False,False,Środa,228.0,227.0,C (ogon),0.0
1179642,1,1,11398,4,1.0,0.0,6.4722,6.4722,2023-01-18,551.0,DF/PAR/230118/4605/1,21,1.0,,151.0,CUKIER BIAŁY KRÓLEWSKI 1KG SUDZUCKER,5902136817550.0,0.0,3.2315,CUKIER /zbożowe i sypkie,2023,1,2023-01,2,False,-1.0,-0.0,Środa,False,False,Środa,227.0,226.0,C (ogon),0.0
1179750,5,5,11398,4,1.0,0.0,6.4722,6.4722,2023-01-18,659.0,DF/PAR/230118/7071/2,21,1.0,,151.0,CUKIER BIAŁY KRÓLEWSKI 1KG SUDZUCKER,5902136817550.0,0.0,3.2315,CUKIER /zbożowe i sypkie,2023,1,2023-01,2,False,-1.0,-0.0,Środa,False,False,Środa,226.0,225.0,C (ogon),0.0
1179806,8,8,11398,4,1.0,0.0,6.4722,6.4722,2023-01-18,715.0,DF/PAR/230118/4721/1,21,1.0,,151.0,CUKIER BIAŁY KRÓLEWSKI 1KG SUDZUCKER,5902136817550.0,0.0,3.2315,CUKIER /zbożowe i sypkie,2023,1,2023-01,2,False,-1.0,-0.0,Środa,False,False,Środa,225.0,224.0,C (ogon),0.0
1179867,4,4,11398,4,1.0,0.0,6.4722,6.4722,2023-01-18,776.0,DF/PAR/230118/4780/1,21,1.0,,151.0,CUKIER BIAŁY KRÓLEWSKI 1KG SUDZUCKER,5902136817550.0,0.0,3.2315,CUKIER /zbożowe i sypkie,2023,1,2023-01,2,False,-1.0,-0.0,Środa,False,False,Środa,224.0,223.0,C (ogon),0.0
1180134,1,1,11398,4,1.0,0.0,6.4722,6.4722,2023-01-19,121.0,DF/PAR/230119/7210/2,21,1.0,,151.0,CUKIER BIAŁY KRÓLEWSKI 1KG SUDZUCKER,5902136817550.0,0.0,3.2315,CUKIER /zbożowe i sypkie,2023,1,2023-01,3,False,-1.0,-0.0,Czwartek,False,False,Czwartek,223.0,222.0,C (ogon),0.0
1180170,1,1,11398,4,1.0,0.0,6.4722,6.4722,2023-01-19,157.0,DF/PAR/230119/7246/2,21,1.0,,151.0,CUKIER BIAŁY KRÓLEWSKI 1KG SUDZUCKER,5902136817550.0,0.0,3.2315,CUKIER /zbożowe i sypkie,2023,1,2023-01,3,False,-1.0,-0.0,Czwartek,False,False,Czwartek,222.0,221.0,C (ogon),0.0
1180192,1,1,11398,4,1.0,0.0,6.4722,6.4722,2023-01-19,179.0,DF/PAR/230119/7268/2,21,1.0,,151.0,CUKIER BIAŁY KRÓLEWSKI 1KG SUDZUCKER,5902136817550.0,0.0,3.2315,CUKIER /zbożowe i sypkie,2023,1,2023-01,3,False,-1.0,-0.0,Czwartek,False,False,Czwartek,221.0,220.0,C (ogon),0.0
1180330,3,3,11398,4,1.0,0.0,6.4722,6.4722,2023-01-19,317.0,DF/PAR/230119/7370/2,21,1.0,,151.0,CUKIER BIAŁY KRÓLEWSKI 1KG SUDZUCKER,5902136817550.0,0.0,3.2315,CUKIER /zbożowe i sypkie,2023,1,2023-01,3,False,-1.0,-0.0,Czwartek,False,False,Czwartek,220.0,219.0,C (ogon),0.0
1180504,2,2,11398,4,1.0,0.0,6.4722,6.4722,2023-01-19,490.0,DF/PAR/230119/4925/1,21,1.0,,151.0,CUKIER BIAŁY KRÓLEWSKI 1KG SUDZUCKER,5902136817550.0,0.0,3.2315,CUKIER /zbożowe i sypkie,2023,1,2023-01,3,False,-1.0,-0.0,Czwartek,False,False,Czwartek,219.0,218.0,C (ogon),0.0
1180704,7,7,11398,4,1.0,0.0,6.4722,6.4722,2023-01-19,686.0,DF/PAR/230119/5025/1,21,1.0,,151.0,CUKIER BIAŁY KRÓLEWSKI 1KG SUDZUCKER,5902136817550.0,0.0,3.2315,CUKIER /zbożowe i sypkie,2023,1,2023-01,3,False,-1.0,-0.0,Czwartek,False,False,Czwartek,218.0,217.0,C (ogon),0.0
1180710,5,5,11398,4,1.0,0.0,6.4722,6.4722,2023-01-19,692.0,DF/PAR/230119/5027/1,21,1.0,,151.0,CUKIER BIAŁY KRÓLEWSKI 1KG SUDZUCKER,5902136817550.0,0.0,3.2315,CUKIER /zbożowe i sypkie,2023,1,2023-01,3,False,-1.0,-0.0,Czwartek,False,False,Czwartek,217.0,216.0,C (ogon),0.0
1180785,8,8,11398,4,1.0,0.0,6.4722,6.4722,2023-01-19,767.0,DF/PAR/230119/5068/1,21,1.0,,151.0,CUKIER BIAŁY KRÓLEWSKI 1KG SUDZUCKER,5902136817550.0,0.0,3.2315,CUKIER /zbożowe i sypkie,2023,1,2023-01,3,False,-1.0,-0.0,Czwartek,False,False,Czwartek,216.0,215.0,C (ogon),0.0
1180803,4,4,11398,4,1.0,0.0,6.4722,6.4722,2023-01-19,785.0,DF/PAR/230119/5086/1,21,1.0,,151.0,CUKIER BIAŁY KRÓLEWSKI 1KG SUDZUCKER,5902136817550.0,0.0,3.2315,CUKIER /zbożowe i sypkie,2023,1,2023-01,3,False,-1.0,-0.0,Czwartek,False,False,Czwartek,215.0,214.0,C (ogon),0.0
1181104,1,1,11398,4,1.0,0.0,6.4722,6.4722,2023-01-20,140.0,DF/PAR/230120/7747/2,21,1.0,,151.0,CUKIER BIAŁY KRÓLEWSKI 1KG SUDZUCKER,5902136817550.0,0.0,3.2315,CUKIER /zbożowe i sypkie,2023,1,2023-01,4,False,-1.0,-0.0,Piątek,False,False,Piątek,214.0,213.0,C (ogon),0.0
1181200,5,5,11398,4,1.0,0.0,6.4722,6.4722,2023-01-20,235.0,DF/PAR/230120/7806/2,21,1.0,,151.0,CUKIER BIAŁY KRÓLEWSKI 1KG SUDZUCKER,5902136817550.0,0.0,3.2315,CUKIER /zbożowe i sypkie,2023,1,2023-01,4,False,-1.0,-0.0,Piątek,False,False,Piątek,213.0,212.0,C (ogon),0.0
1181246,3,3,11398,4,1.0,0.0,6.4722,6.4722,2023-01-20,281.0,DF/PAR/230120/5223/1,21,1.0,,151.0,CUKIER BIAŁY KRÓLEWSKI 1KG SUDZUCKER,5902136817550.0,0.0,3.2315,CUKIER /zbożowe i sypkie,2023,1,2023-01,4,False,-1.0,-0.0,Piątek,False,False,Piątek,212.0,211.0,C (ogon),0.0
1181353,8,8,11398,4,1.0,0.0,6.4722,6.4722,2023-01-20,388.0,DF/PAR/230120/7900/2,21,1.0,,151.0,CUKIER BIAŁY KRÓLEWSKI 1KG SUDZUCKER,5902136817550.0,0.0,3.2315,CUKIER /zbożowe i sypkie,2023,1,2023-01,4,False,-1.0,-0.0,Piątek,False,False,Piątek,211.0,210.0,C (ogon),0.0
1181387,4,4,11398,4,1.0,0.0,6.4722,6.4722,2023-01-20,422.0,DF/PAR/230120/7919/2,21,1.0,,151.0,CUKIER BIAŁY KRÓLEWSKI 1KG SUDZUCKER,5902136817550.0,0.0,3.2315,CUKIER /zbożowe i sypkie,2023,1,2023-01,4,False,-1.0,-0.0,Piątek,False,False,Piątek,210.0,209.0,C (ogon),0.0
1181707,4,4,11398,4,1.0,0.0,6.4722,6.4722,2023-01-20,737.0,DF/PAR/230120/5385/1,21,1.0,,151.0,CUKIER BIAŁY KRÓLEWSKI 1KG SUDZUCKER,5902136817550.0,0.0,3.2315,CUKIER /zbożowe i sypkie,2023,1,2023-01,4,False,-1.0,-0.0,Piątek,False,False,Piątek,209.0,208.0,C (ogon),0.0
1181782,3,3,11398,4,1.0,0.0,6.4722,6.4722,2023-01-20,812.0,DF/PAR/230120/8128/2,21,1.0,,151.0,CUKIER BIAŁY KRÓLEWSKI 1KG SUDZUCKER,5902136817550.0,0.0,3.2315,CUKIER /zbożowe i sypkie,2023,1,2023-01,4,False,-1.0,-0.0,Piątek,False,False,Piątek,208.0,207.0,C (ogon),0.0
1181824,3,3,11398,4,1.0,0.0,6.4722,6.4722,2023-01-20,854.0,DF/PAR/230120/8158/2,21,1.0,,151.0,CUKIER BIAŁY KRÓLEWSKI 1KG SUDZUCKER,5902136817550.0,0.0,3.2315,CUKIER /zbożowe i sypkie,2023,1,2023-01,4,False,-1.0,-0.0,Piątek,False,False,Piątek,207.0,206.0,C (ogon),0.0
1181838,5,5,11398,4,1.0,0.0,6.4722,6.4722,2023-01-20,868.0,DF/PAR/230120/5415/1,21,1.0,,151.0,CUKIER BIAŁY KRÓLEWSKI 1KG SUDZUCKER,5902136817550.0,0.0,3.2315,CUKIER /zbożowe i sypkie,2023,1,2023-01,4,False,-1.0,-0.0,Piątek,False,False,Piątek,206.0,205.0,C (ogon),0.0
1181901,2,2,11398,4,1.0,0.0,6.4722,6.4722,2023-01-20,931.0,DF/PAR/230120/5437/1,21,1.0,,151.0,CUKIER BIAŁY KRÓLEWSKI 1KG SUDZUCKER,5902136817550.0,0.0,3.2315,CUKIER /zbożowe i sypkie,2023,1,2023-01,4,False,-1.0,-0.0,Piątek,False,False,Piątek,205.0,204.0,C (ogon),0.0
1181986,3,3,11398,4,1.0,0.0,6.4722,6.4722,2023-01-20,1017.0,DF/PAR/230120/5449/1,21,1.0,,151.0,CUKIER BIAŁY KRÓLEWSKI 1KG SUDZUCKER,5902136817550.0,0.0,3.2315,CUKIER /zbożowe i sypkie,2023,1,2023-01,4,False,-1.0,-0.0,Piątek,False,False,Piątek,204.0,203.0,C (ogon),0.0
1182077,2,2,11398,4,1.0,0.0,6.4722,6.4722,2023-01-21,59.0,DF/PAR/230121/8269/2,21,1.0,,151.0,CUKIER BIAŁY KRÓLEWSKI 1KG SUDZUCKER,5902136817550.0,0.0,3.2315,CUKIER /zbożowe i sypkie,2023,1,2023-01,5,False,-1.0,-0.0,Sobota,False,False,Sobota,203.0,202.0,C (ogon),0.0
1182077,3,3,11398,4,1.0,0.0,6.4722,6.4722,2023-01-21,59.0,DF/PAR/230121/8269/2,21,1.0,,151.0,CUKIER BIAŁY KRÓLEWSKI 1KG SUDZUCKER,5902136817550.0,0.0,3.2315,CUKIER /zbożowe i sypkie,2023,1,2023-01,5,False,-1.0,-0.0,Sobota,False,False,Sobota,202.0,201.0,C (ogon),0.0
1182084,2,2,11398,4,1.0,0.0,6.4722,6.4722,2023-01-21,66.0,DF/PAR/230121/8276/2,21,1.0,,151.0,CUKIER BIAŁY KRÓLEWSKI 1KG SUDZUCKER,5902136817550.0,0.0,3.2315,CUKIER /zbożowe i sypkie,2023,1,2023-01,5,False,-1.0,-0.0,Sobota,False,False,Sobota,201.0,200.0,C (ogon),0.0
1182308,3,3,11398,4,1.0,0.0,6.4722,6.4722,2023-01-21,290.0,DF/PAR/230121/8375/2,21,1.0,,151.0,CUKIER BIAŁY KRÓLEWSKI 1KG SUDZUCKER,5902136817550.0,0.0,3.2315,CUKIER /zbożowe i sypkie,2023,1,2023-01,5,False,-1.0,-0.0,Sobota,False,False,Sobota,200.0,199.0,C (ogon),0.0
1182333,4,4,11398,4,1.0,0.0,6.4722,6.4722,2023-01-21,315.0,DF/PAR/230121/8385/2,21,1.0,,151.0,CUKIER BIAŁY KRÓLEWSKI 1KG SUDZUCKER,5902136817550.0,0.0,3.2315,CUKIER /zbożowe i sypkie,2023,1,2023-01,5,False,-1.0,-0.0,Sobota,False,False,Sobota,199.0,198.0,C (ogon),0.0
1182384,1,1,11398,4,1.0,0.0,6.4722,6.4722,2023-01-21,366.0,DF/PAR/230121/5657/1,21,1.0,,151.0,CUKIER BIAŁY KRÓLEWSKI 1KG SUDZUCKER,5902136817550.0,0.0,3.2315,CUKIER /zbożowe i sypkie,2023,1,2023-01,5,False,-1.0,-0.0,Sobota,False,False,Sobota,198.0,197.0,C (ogon),0.0
1182401,4,4,11398,4,1.0,0.0,6.4722,6.4722,2023-01-21,383.0,DF/PAR/230121/8416/2,21,1.0,,151.0,CUKIER BIAŁY KRÓLEWSKI 1KG SUDZUCKER,5902136817550.0,0.0,3.2315,CUKIER /zbożowe i sypkie,2023,1,2023-01,5,False,-1.0,-0.0,Sobota,False,False,Sobota,197.0,196.0,C (ogon),0.0
1182430,1,1,11398,4,1.0,0.0,6.4722,6.4722,2023-01-21,412.0,DF/PAR/230121/5677/1,21,1.0,,151.0,CUKIER BIAŁY KRÓLEWSKI 1KG SUDZUCKER,5902136817550.0,0.0,3.2315,CUKIER /zbożowe i sypkie,2023,1,2023-01,5,False,-1.0,-0.0,Sobota,False,False,Sobota,196.0,195.0,C (ogon),0.0
1182509,1,1,11398,4,1.0,0.0,6.4722,6.4722,2023-01-21,491.0,DF/PAR/230121/8474/2,21,1.0,,151.0,CUKIER BIAŁY KRÓLEWSKI 1KG SUDZUCKER,5902136817550.0,0.0,3.2315,CUKIER /zbożowe i sypkie,2023,1,2023-01,5,False,-1.0,-0.0,Sobota,False,False,Sobota,195.0,194.0,C (ogon),0.0
1182511,10,10,11398,4,1.0,0.0,6.4722,6.4722,2023-01-21,493.0,DF/PAR/230121/8475/2,21,1.0,,151.0,CUKIER BIAŁY KRÓLEWSKI 1KG SUDZUCKER,5902136817550.0,0.0,3.2315,CUKIER /zbożowe i sypkie,2023,1,2023-01,5,False,-1.0,-0.0,Sobota,False,False,Sobota,194.0,193.0,C (ogon),0.0
1182637,2,2,11398,4,1.0,0.0,6.4722,6.4722,2023-01-21,619.0,DF/PAR/230121/8519/2,21,1.0,,151.0,CUKIER BIAŁY KRÓLEWSKI 1KG SUDZUCKER,5902136817550.0,0.0,3.2315,CUKIER /zbożowe i sypkie,2023,1,2023-01,5,False,-1.0,-0.0,Sobota,False,False,Sobota,193.0,192.0,C (ogon),0.0
1182776,1,1,11398,4,1.0,0.0,6.4722,6.4722,2023-01-21,758.0,DF/PAR/230121/5818/1,21,1.0,,151.0,CUKIER BIAŁY KRÓLEWSKI 1KG SUDZUCKER,5902136817550.0,0.0,3.2315,CUKIER /zbożowe i sypkie,2023,1,2023-01,5,False,-1.0,-0.0,Sobota,False,False,Sobota,192.0,191.0,C (ogon),0.0
1183018,1,1,11398,4,1.0,0.0,6.4722,6.4722,2023-01-23,14.0,DF/PAR/230123/8630/2,21,1.0,,151.0,CUKIER BIAŁY KRÓLEWSKI 1KG SUDZUCKER,5902136817550.0,0.0,3.2315,CUKIER /zbożowe i sypkie,2023,1,2023-01,0,False,-1.0,-0.0,Poniedziałek,False,False,Poniedziałek,191.0,190.0,C (ogon),0.0
1183213,2,2,11398,4,1.0,0.0,6.4722,6.4722,2023-01-23,209.0,DF/PAR/230123/6108/1,21,1.0,,151.0,CUKIER BIAŁY KRÓLEWSKI 1KG SUDZUCKER,5902136817550.0,0.0,3.2315,CUKIER /zbożowe i sypkie,2023,1,2023-01,0,False,-1.0,-0.0,Poniedziałek,False,False,Poniedziałek,190.0,189.0,C (ogon),0.0
1183247,1,1,11398,4,1.0,0.0,6.4722,6.4722,2023-01-23,243.0,DF/PAR/230123/6139/1,21,1.0,,151.0,CUKIER BIAŁY KRÓLEWSKI 1KG SUDZUCKER,5902136817550.0,0.0,3.2315,CUKIER /zbożowe i sypkie,2023,1,2023-01,0,False,-1.0,-0.0,Poniedziałek,False,False,Poniedziałek,189.0,188.0,C (ogon),0.0
1183278,2,2,11398,4,1.0,0.0,6.4722,6.4722,2023-01-23,274.0,DF/PAR/230123/6164/1,21,1.0,,151.0,CUKIER BIAŁY KRÓLEWSKI 1KG SUDZUCKER,5902136817550.0,0.0,3.2315,CUKIER /zbożowe i sypkie,2023,1,2023-01,0,False,-1.0,-0.0,Poniedziałek,False,False,Poniedziałek,188.0,187.0,C (ogon),0.0
1183289,3,3,11398,4,1.0,0.0,6.4722,6.4722,2023-01-23,285.0,DF/PAR/230123/6174/1,21,1.0,,151.0,CUKIER BIAŁY KRÓLEWSKI 1KG SUDZUCKER,5902136817550.0,0.0,3.2315,CUKIER /zbożowe i sypkie,2023,1,2023-01,0,False,-1.0,-0.0,Poniedziałek,False,False,Poniedziałek,187.0,186.0,C (ogon),0.0
1183293,2,2,11398,4,1.0,0.0,6.4722,6.4722,2023-01-23,289.0,DF/PAR/230123/8685/2,21,1.0,,151.0,CUKIER BIAŁY KRÓLEWSKI 1KG SUDZUCKER,5902136817550.0,0.0,3.2315,CUKIER /zbożowe i sypkie,2023,1,2023-01,0,False,-1.0,-0.0,Poniedziałek,False,False,Poniedziałek,186.0,185.0,C (ogon),0.0
1183356,2,2,11398,4,1.0,0.0,6.4722,6.4722,2023-01-23,352.0,DF/PAR/230123/6219/1,21,1.0,,151.0,CUKIER BIAŁY KRÓLEWSKI 1KG SUDZUCKER,5902136817550.0,0.0,3.2315,CUKIER /zbożowe i sypkie,2023,1,2023-01,0,False,-1.0,-0.0,Poniedziałek,False,False,Poniedziałek,185.0,184.0,C (ogon),0.0
1183391,4,4,11398,4,1.0,0.0,6.4722,6.4722,2023-01-23,387.0,DF/PAR/230123/6248/1,21,1.0,,151.0,CUKIER BIAŁY KRÓLEWSKI 1KG SUDZUCKER,5902136817550.0,0.0,3.2315,CUKIER /zbożowe i sypkie,2023,1,2023-01,0,False,-1.0,-0.0,Poniedziałek,False,False,Poniedziałek,184.0,183.0,C (ogon),0.0
1183497,2,2,11398,4,1.0,0.0,6.4722,6.4722,2023-01-23,491.0,DF/PAR/230123/8736/2,21,1.0,,151.0,CUKIER BIAŁY KRÓLEWSKI 1KG SUDZUCKER,5902136817550.0,0.0,3.2315,CUKIER /zbożowe i sypkie,2023,1,2023-01,0,False,-1.0,-0.0,Poniedziałek,False,False,Poniedziałek,183.0,182.0,C (ogon),0.0
1183547,2,2,11398,4,1.0,0.0,6.4722,6.4722,2023-01-23,536.0,DF/PAR/230123/8765/2,21,1.0,,151.0,CUKIER BIAŁY KRÓLEWSKI 1KG SUDZUCKER,5902136817550.0,0.0,3.2315,CUKIER /zbożowe i sypkie,2023,1,2023-01,0,False,-1.0,-0.0,Poniedziałek,False,False,Poniedziałek,182.0,181.0,C (ogon),0.0
1183576,3,3,11398,4,1.0,0.0,6.4722,6.4722,2023-01-23,564.0,DF/PAR/230123/8789/2,21,1.0,,151.0,CUKIER BIAŁY KRÓLEWSKI 1KG SUDZUCKER,5902136817550.0,0.0,3.2315,CUKIER /zbożowe i sypkie,2023,1,2023-01,0,False,-1.0,-0.0,Poniedziałek,False,False,Poniedziałek,181.0,180.0,C (ogon),0.0
1183699,2,2,11398,4,1.0,0.0,6.4722,6.4722,2023-01-23,687.0,DF/PAR/230123/8873/2,21,1.0,,151.0,CUKIER BIAŁY KRÓLEWSKI 1KG SUDZUCKER,5902136817550.0,0.0,3.2315,CUKIER /zbożowe i sypkie,2023,1,2023-01,0,False,-1.0,-0.0,Poniedziałek,False,False,Poniedziałek,180.0,179.0,C (ogon),0.0
1183760,2,2,11398,4,1.0,0.0,6.4722,6.4722,2023-01-23,748.0,DF/PAR/230123/6353/1,21,1.0,,151.0,CUKIER BIAŁY KRÓLEWSKI 1KG SUDZUCKER,5902136817550.0,0.0,3.2315,CUKIER /zbożowe i sypkie,2023,1,2023-01,0,False,-1.0,-0.0,Poniedziałek,False,False,Poniedziałek,179.0,178.0,C (ogon),0.0
1183849,1,1,11398,4,1.0,0.0,6.4722,6.4722,2023-01-23,837.0,DF/PAR/230123/8985/2,21,1.0,,151.0,CUKIER BIAŁY KRÓLEWSKI 1KG SUDZUCKER,5902136817550.0,0.0,3.2315,CUKIER /zbożowe i sypkie,2023,1,2023-01,0,False,-1.0,-0.0,Poniedziałek,False,False,Poniedziałek,178.0,177.0,C (ogon),0.0
1183900,4,4,11398,4,6.0,0.0,6.4722,38.8333,2023-01-23,889.0,DF/PAR/230123/6383/1,21,1.0,,151.0,CUKIER BIAŁY KRÓLEWSKI 1KG SUDZUCKER,5902136817550.0,0.0,3.2315,CUKIER /zbożowe i sypkie,2023,1,2023-01,0,False,-6.0,-0.0,Poniedziałek,False,False,Poniedziałek,177.0,171.0,C (ogon),0.0
1183940,1,1,11398,4,1.0,0.0,6.4722,6.4722,2023-01-24,10.0,DF/PAR/230124/6397/1,21,1.0,,151.0,CUKIER BIAŁY KRÓLEWSKI 1KG SUDZUCKER,5902136817550.0,0.0,3.2315,CUKIER /zbożowe i sypkie,2023,1,2023-01,1,False,-1.0,-0.0,Wtorek,False,False,Wtorek,171.0,170.0,C (ogon),0.0
1183991,5,5,11398,4,1.0,0.0,6.4722,6.4722,2023-01-24,61.0,DF/PAR/230124/6446/1,21,1.0,,151.0,CUKIER BIAŁY KRÓLEWSKI 1KG SUDZUCKER,5902136817550.0,0.0,3.2315,CUKIER /zbożowe i sypkie,2023,1,2023-01,1,False,-1.0,-0.0,Wtorek,False,False,Wtorek,170.0,169.0,C (ogon),0.0
1184015,2,2,11398,4,1.0,0.0,6.4722,6.4722,2023-01-24,84.0,DF/PAR/230124/6468/1,21,1.0,,151.0,CUKIER BIAŁY KRÓLEWSKI 1KG SUDZUCKER,5902136817550.0,0.0,3.2315,CUKIER /zbożowe i sypkie,2023,1,2023-01,1,False,-1.0,-0.0,Wtorek,False,False,Wtorek,169.0,168.0,C (ogon),0.0
1184041,4,4,11398,4,1.0,0.0,6.4722,6.4722,2023-01-24,110.0,DF/PAR/230124/6494/1,21,1.0,,151.0,CUKIER BIAŁY KRÓLEWSKI 1KG SUDZUCKER,5902136817550.0,0.0,3.2315,CUKIER /zbożowe i sypkie,2023,1,2023-01,1,False,-1.0,-0.0,Wtorek,False,False,Wtorek,168.0,167.0,C (ogon),0.0
1184181,3,3,11398,4,1.0,0.0,6.4722,6.4722,2023-01-24,250.0,DF/PAR/230124/6584/1,21,1.0,,151.0,CUKIER BIAŁY KRÓLEWSKI 1KG SUDZUCKER,5902136817550.0,0.0,3.2315,CUKIER /zbożowe i sypkie,2023,1,2023-01,1,False,-1.0,-0.0,Wtorek,False,False,Wtorek,167.0,166.0,C (ogon),0.0
1184184,4,4,11398,4,1.0,0.0,6.4722,6.4722,2023-01-24,253.0,DF/PAR/230124/9046/2,21,1.0,,151.0,CUKIER BIAŁY KRÓLEWSKI 1KG SUDZUCKER,5902136817550.0,0.0,3.2315,CUKIER /zbożowe i sypkie,2023,1,2023-01,1,False,-1.0,-0.0,Wtorek,False,False,Wtorek,166.0,165.0,C (ogon),0.0
1184220,3,3,11398,4,1.0,0.0,6.4722,6.4722,2023-01-24,289.0,DF/PAR/230124/6607/1,21,1.0,,151.0,CUKIER BIAŁY KRÓLEWSKI 1KG SUDZUCKER,5902136817550.0,0.0,3.2315,CUKIER /zbożowe i sypkie,2023,1,2023-01,1,False,-1.0,-0.0,Wtorek,False,False,Wtorek,165.0,164.0,C (ogon),0.0
1184244,2,2,11398,4,1.0,0.0,6.4722,6.4722,2023-01-24,313.0,DF/PAR/230124/9066/2,21,1.0,,151.0,CUKIER BIAŁY KRÓLEWSKI 1KG SUDZUCKER,5902136817550.0,0.0,3.2315,CUKIER /zbożowe i sypkie,2023,1,2023-01,1,False,-1.0,-0.0,Wtorek,False,False,Wtorek,164.0,163.0,C (ogon),0.0
1184244,3,3,11398,4,1.0,0.0,6.4722,6.4722,2023-01-24,313.0,DF/PAR/230124/9066/2,21,1.0,,151.0,CUKIER BIAŁY KRÓLEWSKI 1KG SUDZUCKER,5902136817550.0,0.0,3.2315,CUKIER /zbożowe i sypkie,2023,1,2023-01,1,False,-1.0,-0.0,Wtorek,False,False,Wtorek,163.0,162.0,C (ogon),0.0
1184594,5,5,11398,4,1.0,0.0,6.4722,6.4722,2023-01-24,655.0,DF/PAR/230124/6830/1,21,1.0,,151.0,CUKIER BIAŁY KRÓLEWSKI 1KG SUDZUCKER,5902136817550.0,0.0,3.2315,CUKIER /zbożowe i sypkie,2023,1,2023-01,1,False,-1.0,-0.0,Wtorek,False,False,Wtorek,162.0,161.0,C (ogon),0.0
1184646,7,7,11398,4,1.0,0.0,6.4722,6.4722,2023-01-24,707.0,DF/PAR/230124/9177/2,21,1.0,,151.0,CUKIER BIAŁY KRÓLEWSKI 1KG SUDZUCKER,5902136817550.0,0.0,3.2315,CUKIER /zbożowe i sypkie,2023,1,2023-01,1,False,-1.0,-0.0,Wtorek,False,False,Wtorek,161.0,160.0,C (ogon),0.0
1184728,6,6,11398,4,1.0,0.0,6.4722,6.4722,2023-01-24,789.0,DF/PAR/230124/9236/2,21,1.0,,151.0,CUKIER BIAŁY KRÓLEWSKI 1KG SUDZUCKER,5902136817550.0,0.0,3.2315,CUKIER /zbożowe i sypkie,2023,1,2023-01,1,False,-1.0,-0.0,Wtorek,False,False,Wtorek,160.0,159.0,C (ogon),0.0
1184914,6,6,11398,4,1.0,0.0,6.4722,6.4722,2023-01-25,14.0,DF/PAR/230125/6901/1,21,1.0,,151.0,CUKIER BIAŁY KRÓLEWSKI 1KG SUDZUCKER,5902136817550.0,0.0,3.2315,CUKIER /zbożowe i sypkie,2023,1,2023-01,2,False,-1.0,-0.0,Środa,False,False,Środa,159.0,158.0,C (ogon),0.0
1185022,4,4,11398,4,1.0,0.0,6.4722,6.4722,2023-01-25,122.0,DF/PAR/230125/9344/2,21,1.0,,151.0,CUKIER BIAŁY KRÓLEWSKI 1KG SUDZUCKER,5902136817550.0,0.0,3.2315,CUKIER /zbożowe i sypkie,2023,1,2023-01,2,False,-1.0,-0.0,Środa,False,False,Środa,158.0,157.0,C (ogon),0.0
1185124,2,2,11398,4,1.0,0.0,6.4722,6.4722,2023-01-25,224.0,DF/PAR/230125/7061/1,21,1.0,,151.0,CUKIER BIAŁY KRÓLEWSKI 1KG SUDZUCKER,5902136817550.0,0.0,3.2315,CUKIER /zbożowe i sypkie,2023,1,2023-01,2,False,-1.0,-0.0,Środa,False,False,Środa,157.0,156.0,C (ogon),0.0
1185212,6,6,11398,4,1.0,0.0,6.4722,6.4722,2023-01-25,312.0,DF/PAR/230125/7127/1,21,1.0,,151.0,CUKIER BIAŁY KRÓLEWSKI 1KG SUDZUCKER,5902136817550.0,0.0,3.2315,CUKIER /zbożowe i sypkie,2023,1,2023-01,2,False,-1.0,-0.0,Środa,False,False,Środa,156.0,155.0,C (ogon),0.0
1185478,5,5,11398,4,1.0,0.0,6.4722,6.4722,2023-01-25,572.0,DF/PAR/230125/9475/2,21,1.0,,151.0,CUKIER BIAŁY KRÓLEWSKI 1KG SUDZUCKER,5902136817550.0,0.0,3.2315,CUKIER /zbożowe i sypkie,2023,1,2023-01,2,False,-1.0,-0.0,Środa,False,False,Środa,155.0,154.0,C (ogon),0.0
1185483,4,4,11398,4,1.0,0.0,6.4722,6.4722,2023-01-25,577.0,DF/PAR/230125/9480/2,21,1.0,,151.0,CUKIER BIAŁY KRÓLEWSKI 1KG SUDZUCKER,5902136817550.0,0.0,3.2315,CUKIER /zbożowe i sypkie,2023,1,2023-01,2,False,-1.0,-0.0,Środa,False,False,Środa,154.0,153.0,C (ogon),0.0
1185498,1,1,11398,4,1.0,0.0,6.4722,6.4722,2023-01-25,592.0,DF/PAR/230125/9492/2,21,1.0,,151.0,CUKIER BIAŁY KRÓLEWSKI 1KG SUDZUCKER,5902136817550.0,0.0,3.2315,CUKIER /zbożowe i sypkie,2023,1,2023-01,2,False,-1.0,-0.0,Środa,False,False,Środa,153.0,152.0,C (ogon),0.0
1185589,6,6,11398,4,1.0,0.0,6.4722,6.4722,2023-01-25,683.0,DF/PAR/230125/9551/2,21,1.0,,151.0,CUKIER BIAŁY KRÓLEWSKI 1KG SUDZUCKER,5902136817550.0,0.0,3.2315,CUKIER /zbożowe i sypkie,2023,1,2023-01,2,False,-1.0,-0.0,Środa,False,False,Środa,152.0,151.0,C (ogon),0.0
1185632,5,5,11398,4,1.0,0.0,6.4722,6.4722,2023-01-25,726.0,DF/PAR/230125/9582/2,21,1.0,,151.0,CUKIER BIAŁY KRÓLEWSKI 1KG SUDZUCKER,5902136817550.0,0.0,3.2315,CUKIER /zbożowe i sypkie,2023,1,2023-01,2,False,-1.0,-0.0,Środa,False,False,Środa,151.0,150.0,C (ogon),0.0
1185964,2,2,11398,4,1.0,0.0,6.4722,6.4722,2023-01-26,160.0,DF/PAR/230126/9789/2,21,1.0,,151.0,CUKIER BIAŁY KRÓLEWSKI 1KG SUDZUCKER,5902136817550.0,0.0,3.2315,CUKIER /zbożowe i sypkie,2023,1,2023-01,3,False,-1.0,-0.0,Czwartek,False,False,Czwartek,150.0,149.0,C (ogon),0.0
1185980,2,2,11398,4,1.0,0.0,6.4722,6.4722,2023-01-26,176.0,DF/PAR/230126/9802/2,21,1.0,,151.0,CUKIER BIAŁY KRÓLEWSKI 1KG SUDZUCKER,5902136817550.0,0.0,3.2315,CUKIER /zbożowe i sypkie,2023,1,2023-01,3,False,-1.0,-0.0,Czwartek,False,False,Czwartek,149.0,148.0,C (ogon),0.0
1186001,2,2,11398,4,1.0,0.0,6.4722,6.4722,2023-01-26,197.0,DF/PAR/230126/9819/2,21,1.0,,151.0,CUKIER BIAŁY KRÓLEWSKI 1KG SUDZUCKER,5902136817550.0,0.0,3.2315,CUKIER /zbożowe i sypkie,2023,1,2023-01,3,False,-1.0,-0.0,Czwartek,False,False,Czwartek,148.0,147.0,C (ogon),0.0
1186128,4,4,11398,4,1.0,0.0,6.4722,6.4722,2023-01-26,319.0,DF/PAR/230126/9918/2,21,1.0,,151.0,CUKIER BIAŁY KRÓLEWSKI 1KG SUDZUCKER,5902136817550.0,0.0,3.2315,CUKIER /zbożowe i sypkie,2023,1,2023-01,3,False,-1.0,-0.0,Czwartek,False,False,Czwartek,147.0,146.0,C (ogon),0.0
1186161,5,5,11398,4,1.0,0.0,6.4722,6.4722,2023-01-26,352.0,DF/PAR/230126/9941/2,21,1.0,,151.0,CUKIER BIAŁY KRÓLEWSKI 1KG SUDZUCKER,5902136817550.0,0.0,3.2315,CUKIER /zbożowe i sypkie,2023,1,2023-01,3,False,-1.0,-0.0,Czwartek,False,False,Czwartek,146.0,145.0,C (ogon),0.0
1186448,6,6,11398,4,1.0,0.0,6.4722,6.4722,2023-01-26,639.0,DF/PAR/230126/7480/1,21,1.0,,151.0,CUKIER BIAŁY KRÓLEWSKI 1KG SUDZUCKER,5902136817550.0,0.0,3.2315,CUKIER /zbożowe i sypkie,2023,1,2023-01,3,False,-1.0,-0.0,Czwartek,False,False,Czwartek,145.0,144.0,C (ogon),0.0
1186489,1,1,11398,4,1.0,0.0,6.4722,6.4722,2023-01-26,680.0,DF/PAR/230126/10127/2,21,1.0,,151.0,CUKIER BIAŁY KRÓLEWSKI 1KG SUDZUCKER,5902136817550.0,0.0,3.2315,CUKIER /zbożowe i sypkie,2023,1,2023-01,3,False,-1.0,-0.0,Czwartek,False,False,Czwartek,144.0,143.0,C (ogon),0.0
1186608,12,12,11398,4,1.0,0.0,6.4722,6.4722,2023-01-26,799.0,DF/PAR/230126/7507/1,21,1.0,,151.0,CUKIER BIAŁY KRÓLEWSKI 1KG SUDZUCKER,5902136817550.0,0.0,3.2315,CUKIER /zbożowe i sypkie,2023,1,2023-01,3,False,-1.0,-0.0,Czwartek,False,False,Czwartek,143.0,142.0,C (ogon),0.0
1186683,2,2,11398,4,1.0,0.0,6.4722,6.4722,2023-01-26,874.0,DF/PAR/230126/7520/1,21,1.0,,151.0,CUKIER BIAŁY KRÓLEWSKI 1KG SUDZUCKER,5902136817550.0,0.0,3.2315,CUKIER /zbożowe i sypkie,2023,1,2023-01,3,False,-1.0,-0.0,Czwartek,False,False,Czwartek,142.0,141.0,C (ogon),0.0
1186767,81,81,11398,4,2.0,0.0,5.23,10.46,2023-01-26,959.0,RW/23/3,10,1.0,,151.0,CUKIER BIAŁY KRÓLEWSKI 1KG SUDZUCKER,5902136817550.0,0.0,3.2315,CUKIER /zbożowe i sypkie,2023,1,2023-01,3,False,-2.0,,Czwartek,False,False,Czwartek,141.0,139.0,C (ogon),0.0
1186887,13,13,11398,1,280.0,0.0,5.5,1540.0,2023-01-27,95.0,PZ/23/89,2,1.0,,151.0,CUKIER BIAŁY KRÓLEWSKI 1KG SUDZUCKER,5902136817550.0,0.0,3.2315,CUKIER /zbożowe i sypkie,2023,1,2023-01,4,False,280.0,,Piątek,False,False,Piątek,139.0,419.0,C (ogon),0.0
1186942,2,2,11398,4,1.0,0.0,6.4722,6.4722,2023-01-27,150.0,DF/PAR/230127/7687/1,21,1.0,,151.0,CUKIER BIAŁY KRÓLEWSKI 1KG SUDZUCKER,5902136817550.0,0.0,3.2315,CUKIER /zbożowe i sypkie,2023,1,2023-01,4,False,-1.0,-0.0,Piątek,False,False,Piątek,419.0,418.0,C (ogon),0.0
1186959,5,5,11398,4,1.0,0.0,6.4722,6.4722,2023-01-27,167.0,DF/PAR/230127/7704/1,21,1.0,,151.0,CUKIER BIAŁY KRÓLEWSKI 1KG SUDZUCKER,5902136817550.0,0.0,3.2315,CUKIER /zbożowe i sypkie,2023,1,2023-01,4,False,-1.0,-0.0,Piątek,False,False,Piątek,418.0,417.0,C (ogon),0.0
1187083,1,1,11398,4,1.0,0.0,6.4722,6.4722,2023-01-27,291.0,DF/PAR/230127/7753/1,21,1.0,,151.0,CUKIER BIAŁY KRÓLEWSKI 1KG SUDZUCKER,5902136817550.0,0.0,3.2315,CUKIER /zbożowe i sypkie,2023,1,2023-01,4,False,-1.0,-0.0,Piątek,False,False,Piątek,417.0,416.0,C (ogon),0.0
1187095,1,1,11398,4,1.0,0.0,6.4722,6.4722,2023-01-27,303.0,DF/PAR/230127/10391/2,21,1.0,,151.0,CUKIER BIAŁY KRÓLEWSKI 1KG SUDZUCKER,5902136817550.0,0.0,3.2315,CUKIER /zbożowe i sypkie,2023,1,2023-01,4,False,-1.0,-0.0,Piątek,False,False,Piątek,416.0,415.0,C (ogon),0.0
1187301,12,12,11398,4,1.0,0.0,6.4722,6.4722,2023-01-27,499.0,DF/PAR/230127/10482/2,21,1.0,,151.0,CUKIER BIAŁY KRÓLEWSKI 1KG SUDZUCKER,5902136817550.0,0.0,3.2315,CUKIER /zbożowe i sypkie,2023,1,2023-01,4,False,-1.0,-0.0,Piątek,False,False,Piątek,415.0,414.0,C (ogon),0.0
1187463,3,3,11398,4,1.0,0.0,6.4722,6.4722,2023-01-27,661.0,DF/PAR/230127/10550/2,21,1.0,,151.0,CUKIER BIAŁY KRÓLEWSKI 1KG SUDZUCKER,5902136817550.0,0.0,3.2315,CUKIER /zbożowe i sypkie,2023,1,2023-01,4,False,-1.0,-0.0,Piątek,False,False,Piątek,414.0,413.0,C (ogon),0.0
1187611,5,5,11398,4,1.0,0.0,6.4722,6.4722,2023-01-27,809.0,DF/PAR/230127/10623/2,21,1.0,,151.0,CUKIER BIAŁY KRÓLEWSKI 1KG SUDZUCKER,5902136817550.0,0.0,3.2315,CUKIER /zbożowe i sypkie,2023,1,2023-01,4,False,-1.0,-0.0,Piątek,False,False,Piątek,413.0,412.0,C (ogon),0.0
1187669,4,4,11398,4,1.0,0.0,6.4722,6.4722,2023-01-27,867.0,DF/PAR/230127/10676/2,21,1.0,,151.0,CUKIER BIAŁY KRÓLEWSKI 1KG SUDZUCKER,5902136817550.0,0.0,3.2315,CUKIER /zbożowe i sypkie,2023,1,2023-01,4,False,-1.0,-0.0,Piątek,False,False,Piątek,412.0,411.0,C (ogon),0.0
1187756,1,1,11398,4,1.0,0.0,6.4722,6.4722,2023-01-27,954.0,DF/PAR/230127/10751/2,21,1.0,,151.0,CUKIER BIAŁY KRÓLEWSKI 1KG SUDZUCKER,5902136817550.0,0.0,3.2315,CUKIER /zbożowe i sypkie,2023,1,2023-01,4,False,-1.0,-0.0,Piątek,False,False,Piątek,411.0,410.0,C (ogon),0.0
1188041,3,3,11398,4,1.0,0.0,6.4722,6.4722,2023-01-28,235.0,DF/PAR/230128/10891/2,21,1.0,,151.0,CUKIER BIAŁY KRÓLEWSKI 1KG SUDZUCKER,5902136817550.0,0.0,3.2315,CUKIER /zbożowe i sypkie,2023,1,2023-01,5,False,-1.0,-0.0,Sobota,False,False,Sobota,410.0,409.0,C (ogon),0.0
1188313,4,4,11398,4,1.0,0.0,6.4722,6.4722,2023-01-28,507.0,DF/PAR/230128/8185/1,21,1.0,,151.0,CUKIER BIAŁY KRÓLEWSKI 1KG SUDZUCKER,5902136817550.0,0.0,3.2315,CUKIER /zbożowe i sypkie,2023,1,2023-01,5,False,-1.0,-0.0,Sobota,False,False,Sobota,409.0,408.0,C (ogon),0.0
1188336,1,1,11398,4,2.0,0.0,6.4722,12.9444,2023-01-28,530.0,DF/PAR/230128/8197/1,21,1.0,,151.0,CUKIER BIAŁY KRÓLEWSKI 1KG SUDZUCKER,5902136817550.0,0.0,3.2315,CUKIER /zbożowe i sypkie,2023,1,2023-01,5,False,-2.0,-0.0,Sobota,False,False,Sobota,408.0,406.0,C (ogon),0.0
1188376,4,4,11398,4,1.0,0.0,6.4722,6.4722,2023-01-28,570.0,DF/PAR/230128/11055/2,21,1.0,,151.0,CUKIER BIAŁY KRÓLEWSKI 1KG SUDZUCKER,5902136817550.0,0.0,3.2315,CUKIER /zbożowe i sypkie,2023,1,2023-01,5,False,-1.0,-0.0,Sobota,False,False,Sobota,406.0,405.0,C (ogon),0.0
1188538,9,9,11398,4,1.0,0.0,6.4722,6.4722,2023-01-28,730.0,DF/PAR/230128/11115/2,21,1.0,,151.0,CUKIER BIAŁY KRÓLEWSKI 1KG SUDZUCKER,5902136817550.0,0.0,3.2315,CUKIER /zbożowe i sypkie,2023,1,2023-01,5,False,-1.0,-0.0,Sobota,False,False,Sobota,405.0,404.0,C (ogon),0.0
1188662,28,28,11398,4,1.0,0.0,6.4722,6.4722,2023-01-28,854.0,DF/PAR/230128/11182/2,21,1.0,,151.0,CUKIER BIAŁY KRÓLEWSKI 1KG SUDZUCKER,5902136817550.0,0.0,3.2315,CUKIER /zbożowe i sypkie,2023,1,2023-01,5,False,-1.0,-0.0,Sobota,False,False,Sobota,404.0,403.0,C (ogon),0.0
1188862,1,1,11398,4,1.0,0.0,6.4722,6.4722,2023-01-29,27.0,DF/PAR/230129/8372/1,21,1.0,,151.0,CUKIER BIAŁY KRÓLEWSKI 1KG SUDZUCKER,5902136817550.0,0.0,3.2315,CUKIER /zbożowe i sypkie,2023,1,2023-01,6,False,-1.0,-0.0,Niedziela,False,True,Niedziela handlowa,403.0,402.0,C (ogon),0.0
1188880,7,7,11398,4,1.0,0.0,6.4722,6.4722,2023-01-29,45.0,DF/PAR/230129/8390/1,21,1.0,,151.0,CUKIER BIAŁY KRÓLEWSKI 1KG SUDZUCKER,5902136817550.0,0.0,3.2315,CUKIER /zbożowe i sypkie,2023,1,2023-01,6,False,-1.0,-0.0,Niedziela,False,True,Niedziela handlowa,402.0,401.0,C (ogon),0.0
1189110,6,6,11398,4,1.0,0.0,6.4722,6.4722,2023-01-30,49.0,DF/PAR/230130/11333/2,21,1.0,,151.0,CUKIER BIAŁY KRÓLEWSKI 1KG SUDZUCKER,5902136817550.0,0.0,3.2315,CUKIER /zbożowe i sypkie,2023,1,2023-01,0,False,-1.0,-0.0,Poniedziałek,False,False,Poniedziałek,401.0,400.0,C (ogon),0.0
1189144,4,4,11398,4,1.0,0.0,6.4722,6.4722,2023-01-30,83.0,DF/PAR/230130/11366/2,21,1.0,,151.0,CUKIER BIAŁY KRÓLEWSKI 1KG SUDZUCKER,5902136817550.0,0.0,3.2315,CUKIER /zbożowe i sypkie,2023,1,2023-01,0,False,-1.0,-0.0,Poniedziałek,False,False,Poniedziałek,400.0,399.0,C (ogon),0.0
1189164,5,5,11398,4,1.0,0.0,6.4722,6.4722,2023-01-30,103.0,DF/PAR/230130/11385/2,21,1.0,,151.0,CUKIER BIAŁY KRÓLEWSKI 1KG SUDZUCKER,5902136817550.0,0.0,3.2315,CUKIER /zbożowe i sypkie,2023,1,2023-01,0,False,-1.0,-0.0,Poniedziałek,False,False,Poniedziałek,399.0,398.0,C (ogon),0.0
1199180,1,1,11398,4,1.0,0.0,6.4722,6.4722,2023-01-30,207.0,DF/PAR/230130/11465/2,21,1.0,,151.0,CUKIER BIAŁY KRÓLEWSKI 1KG SUDZUCKER,5902136817550.0,0.0,3.2315,CUKIER /zbożowe i sypkie,2023,1,2023-01,0,False,-1.0,-0.0,Poniedziałek,False,False,Poniedziałek,398.0,397.0,C (ogon),0.0
1199262,1,1,11398,4,1.0,0.0,6.4722,6.4722,2023-01-30,289.0,DF/PAR/230130/11533/2,21,1.0,,151.0,CUKIER BIAŁY KRÓLEWSKI 1KG SUDZUCKER,5902136817550.0,0.0,3.2315,CUKIER /zbożowe i sypkie,2023,1,2023-01,0,False,-1.0,-0.0,Poniedziałek,False,False,Poniedziałek,397.0,396.0,C (ogon),0.0
1199326,2,2,11398,4,1.0,0.0,6.4722,6.4722,2023-01-30,353.0,DF/PAR/230130/11580/2,21,1.0,,151.0,CUKIER BIAŁY KRÓLEWSKI 1KG SUDZUCKER,5902136817550.0,0.0,3.2315,CUKIER /zbożowe i sypkie,2023,1,2023-01,0,False,-1.0,-0.0,Poniedziałek,False,False,Poniedziałek,396.0,395.0,C (ogon),0.0
1199614,2,2,11398,4,1.0,0.0,6.4722,6.4722,2023-01-30,630.0,DF/PAR/230130/8732/1,21,1.0,,151.0,CUKIER BIAŁY KRÓLEWSKI 1KG SUDZUCKER,5902136817550.0,0.0,3.2315,CUKIER /zbożowe i sypkie,2023,1,2023-01,0,False,-1.0,-0.0,Poniedziałek,False,False,Poniedziałek,395.0,394.0,C (ogon),0.0
1200023,12,12,11398,4,1.0,0.0,5.5,5.5,2023-01-31,188.0,ST/23/21,23,1.0,,151.0,CUKIER BIAŁY KRÓLEWSKI 1KG SUDZUCKER,5902136817550.0,0.0,3.2315,CUKIER /zbożowe i sypkie,2023,1,2023-01,1,False,1.0,,Wtorek,False,False,Wtorek,394.0,395.0,C (ogon),0.0
1200118,7,7,11398,4,1.0,0.0,6.4722,6.4722,2023-01-31,281.0,DF/PAR/230131/11907/2,21,1.0,,151.0,CUKIER BIAŁY KRÓLEWSKI 1KG SUDZUCKER,5902136817550.0,0.0,3.2315,CUKIER /zbożowe i sypkie,2023,1,2023-01,1,False,-1.0,-0.0,Wtorek,False,False,Wtorek,395.0,394.0,C (ogon),0.0
1200139,2,2,11398,4,1.0,0.0,6.4722,6.4722,2023-01-31,302.0,DF/PAR/230131/8918/1,21,1.0,,151.0,CUKIER BIAŁY KRÓLEWSKI 1KG SUDZUCKER,5902136817550.0,0.0,3.2315,CUKIER /zbożowe i sypkie,2023,1,2023-01,1,False,-1.0,-0.0,Wtorek,False,False,Wtorek,394.0,393.0,C (ogon),0.0
1200424,2,2,11398,4,1.0,0.0,6.4722,6.4722,2023-01-31,582.0,DF/PAR/230131/8972/1,21,1.0,,151.0,CUKIER BIAŁY KRÓLEWSKI 1KG SUDZUCKER,5902136817550.0,0.0,3.2315,CUKIER /zbożowe i sypkie,2023,1,2023-01,1,False,-1.0,-0.0,Wtorek,False,False,Wtorek,393.0,392.0,C (ogon),0.0
1200682,3,3,11398,4,1.0,0.0,6.4722,6.4722,2023-01-31,840.0,DF/PAR/230131/12285/2,21,1.0,,151.0,CUKIER BIAŁY KRÓLEWSKI 1KG SUDZUCKER,5902136817550.0,0.0,3.2315,CUKIER /zbożowe i sypkie,2023,1,2023-01,1,False,-1.0,-0.0,Wtorek,False,False,Wtorek,392.0,391.0,C (ogon),0.0
